id,title,content,tags,feature_image,is_published,created_at,updated_at,author_id
1,"Communicating between your past, present, and future selves","First, writing a letter to – or even from – your future self can help us feel better about our lives by turning the dial down on stressful events. Consider a clever research study led by Yuta Chishima. In the early, acutely stressful days of COVID (think: mid-April, 2020), he and his collaborators recruited hundreds of research participants and divided them into three groups. One group was asked to write a letter to their future selves in one year’s time, one group was asked to write a letter from their future selves in one year’s time, and a final, control group was simply asked to write about their current, daily life.

Compared to people in the control group, the people who wrote the future self letters experienced an immediate drop in negative emotions as well as a bump in positive ones. And that was the case regardless of whether people wrote a letter to or from their future selves. But why might writing letters help in this way? Psychologists point to a process known as “temporal distancing.”

Here’s the gist: when we face stressful events in our lives, it can be helpful to try to put things into context. What temporal distancing allows us to do is to step outside of the present moment and see how whatever is happening right now – whatever is stressing us out – will probably not be permanent. People who wrote letters to or from their future selves, for instance, were likely to focus on how their negative feelings about COVID would most likely not last forever. As the researchers put it, stepping outside of the present allowed people to see the bigger picture, recognizing that “this too shall pass.”

The other positive associated with this sort of letter writing is that it creates an opportunity to revisit our past lives. We’re not that great, however, at recognizing just how pleasurable this process of re-discovery might be. In a research project led by Ting Zhang, for instance, college students were asked at the beginning of the summer to document some relatively mundane aspects of their lives: things like a list of the last social event they attended, a recent conversation, an inside joke, a recent photo, and so on. They then predicted how much enjoyment, surprise, and curiosity they’d feel upon returning to this “time capsule” at the end of the summer. Across the board, students underestimated how interesting and meaningful the process of rediscovery would be.

Note that we’re quite good at anticipating how interesting it will be to revisit extraordinary experiences (say, what you did for Valentine’s Day last year). Our predictions fall short, however, when it comes to life’s ordinary experiences. The problem here is that we mistakenly believe we’ll be able to remember everyday events. Almost by definition, mundane events are the ones that are forgotten, but they’re also the ones that make up the lion’s share of our experiences: most of our time is spent doing the ordinary rather than the extraordinary. And, being able to revisit those everyday experiences can allow us to relive the moments and experiences that make us who we are. As Zhang and her colleagues eloquently put it, “By recording ordinary moments today, one can make the present “a present” for the future.”",motivation,blog_posts/images/0-02-03-000e52f01066638b3fadc2cd7e210c01d6e43dc919a8f1f20c8bbadd4eb18a_x292weE.jpg,1,2024-12-02 03:08:27.766968,2024-12-02 03:08:27.766968,1
2,Dear Future Self letters: a FutureMe compilation,"You can write a FutureMe letter to encourage your future self and stay on track to your goals. Or you can just use it get your thoughts from the present moment out on paper, to clear your mind and let your future self look back on what your life was like, and see how far you've come.

The letter writing process seems simple, right? You just write what you want to say to yourself in the future, choose when you want it to be sent, and even choose to share it publicly but anonymously. Easy!

…or is it? All too often we suffer from writer’s block and can’t work out what to put in that empty space on the letter page. Where should we start? What’s most important? What does it all mean?!

Chill. Those Public Letters we mentioned a minute ago are full of great letter writing inspo. Here’s a quick compilation of some hand-picked goodies to get your creative juices fizzing. Hopefully, the writers’ words will serve not just to uplift their future selves, but to give you and idea or two for your own letters.

Strength in adversity
First up, a beautiful letter that provides words of encouragement during times of challenge. It reminds us of the beauty of motherhood, and the author’s remarkable inner strength.

Dear FutureMe,

This is your past self, I'm glad you have your license and many more accomplishments you have achieved so far. Just know it wasn't easy. Stay humble and realize where you came from. Take a minute to reflect on the things you struggled on and cried about. The support you have, the love you showed and many more. You are a boss babe and a boss mom. You wanted this so bad so your children can live the life you always wanted and never have to worry about anything. Break generational curses and be the one who makes millions have more money and gives the most. Don't stay where you are now, elevate to the highest point you can and continue to go forward. Have a healthy mind and a healthy body. Have an incredible life experience, which includes all the things you want. Better: person, money, love life, best friend, family, relationship, pay.  No hate or evil things can bring you down as long as the universe is within you.

Self-supporter
This super-inspiring letter highlights that you — yes you! — should be your greatest and most loyal supporter. It's important to high-5 yourself for your achievements and to remember that you have the power to manifest your dreams by forging your own path with hard work.

Dear FutureMe,

Oh my gosh you did it! You formed your business and it's growing! You are reaching people and beginning to change peoples lives! Keep going and don't forget why you started this! Keep striving and giving people a different way to connect with themselves. You look so beautiful when you embody yourself and allow all of the criticism and judgment to fade away. Don’t let a few things hold you back.

Not everyone understands what you are doing, still just keep creating momentum around Authentic Soul, keep pushing your brand forward because you are going to reach millions of people. You are finally living in your soul assignment and helping the collective.

Keep striving, keep creating, keep connecting, you are the brightest star.

xoxox",futureme,blog_posts/images/0-02-03-0ab1c8585faef4018310cfbcee78ece37b493d46fff72434b2143015543e29_aUO655E.jpg,1,2024-12-02 04:01:17.981699,2024-12-02 04:01:17.981699,1
