id,interaction_type,timestamp,public_letter_id,session_id,user_id
1,view,2024-12-07 12:53:59.464243,389,,1
2,view,2024-12-07 12:54:08.021304,388,,1
3,view,2024-12-07 12:54:11.221316,392,,1
4,comment,2024-12-07 12:54:18.806213,392,,1
5,view,2024-12-07 14:24:36.568184,391,,1
6,view,2024-12-07 14:32:29.321104,387,,1
7,view,2024-12-07 14:50:13.506360,386,,1
8,view,2024-12-07 16:13:36.456670,392,,
9,view,2024-12-07 16:43:51.851927,381,,1195
10,comment,2024-12-07 16:44:04.963889,381,,1195
11,view,2024-12-07 16:44:08.182471,382,,1195
12,comment,2024-12-07 16:44:14.795458,382,,1195
13,view,2024-12-07 16:44:21.565939,384,,1195
14,comment,2024-12-07 16:44:33.911287,384,,1195
15,view,2024-12-07 16:46:44.230971,304,,1199
16,comment,2024-12-07 16:47:00.671070,304,,1199
17,view,2024-12-07 16:47:02.694503,195,,1199
18,comment,2024-12-07 16:47:15.407569,195,,1199
19,view,2024-12-07 16:47:23.385109,196,,1199
20,view,2024-12-07 16:47:27.229256,194,,1199
21,view,2024-12-07 16:48:24.265777,378,,1199
22,comment,2024-12-07 16:48:39.252217,378,,1199
23,view,2024-12-07 16:48:44.601161,312,,1199
24,comment,2024-12-07 16:48:52.429775,312,,1199
25,view,2024-12-07 16:51:17.644789,382,,1198
26,comment,2024-12-07 16:51:25.888204,382,,1198
27,view,2024-12-07 16:51:32.377200,378,,1198
28,comment,2024-12-07 16:51:40.460909,378,,1198
29,view,2024-12-07 16:51:48.011731,312,,1198
30,view,2024-12-07 16:58:58.598182,355,,1200
31,view,2024-12-07 16:59:02.129515,379,,1200
32,view,2024-12-07 16:59:03.871629,312,,1200
33,view,2024-12-07 16:59:07.412573,392,,1200
34,view,2024-12-07 16:59:14.107083,387,,1200
35,view,2024-12-07 16:59:21.088426,389,,1200
36,view,2024-12-07 16:59:24.076182,383,,1200
37,comment,2024-12-07 16:59:29.013033,383,,1200
38,comment,2024-12-07 17:01:10.530179,387,,1200
39,view,2024-12-07 17:02:45.055693,384,,1200
40,comment,2024-12-07 17:03:13.194046,392,,1200
41,view,2024-12-07 17:03:16.683292,377,,1200
42,comment,2024-12-07 17:03:29.355849,377,,1200
43,view,2024-12-07 17:03:41.354976,308,,1200
44,comment,2024-12-07 17:03:55.897081,308,,1200
45,view,2024-12-07 17:04:02.355250,382,,1200
46,view,2024-12-07 17:08:30.507031,381,,1200
47,comment,2024-12-07 17:10:17.030133,355,,1200
48,view,2024-12-07 17:13:05.224216,377,,1201
49,comment,2024-12-07 17:13:15.301578,377,,1201
50,view,2024-12-07 17:13:18.886759,383,,1201
51,comment,2024-12-07 17:13:34.062195,383,,1201
52,view,2024-12-07 17:44:08.273776,382,,1201
53,view,2024-12-07 17:44:27.109241,380,,1201
54,view,2024-12-07 17:45:50.506068,380,,1201
55,view,2024-12-07 17:47:51.565122,380,,1201
56,view,2024-12-07 17:47:56.378663,380,,1201
57,view,2024-12-07 17:55:20.591749,382,,1201
58,view,2024-12-07 17:55:49.367843,379,,1201
59,view,2024-12-07 18:12:56.526722,382,,1201
60,view,2024-12-07 18:52:45.580410,382,,
61,view,2024-12-07 18:52:51.523308,383,,
62,view,2024-12-07 18:54:43.694671,383,,
63,view,2024-12-07 19:00:12.295763,383,,
64,view,2024-12-07 19:03:41.335589,379,name8p1xl0no5ka2lk470kq1okrvybha,
65,view,2024-12-07 19:03:55.434854,377,name8p1xl0no5ka2lk470kq1okrvybha,
66,view,2024-12-07 19:03:58.208369,382,name8p1xl0no5ka2lk470kq1okrvybha,
67,view,2024-12-07 19:04:06.596365,387,name8p1xl0no5ka2lk470kq1okrvybha,
68,view,2024-12-07 19:04:10.274011,389,name8p1xl0no5ka2lk470kq1okrvybha,
69,view,2024-12-07 19:04:12.973997,388,name8p1xl0no5ka2lk470kq1okrvybha,
70,view,2024-12-07 19:04:23.396332,384,name8p1xl0no5ka2lk470kq1okrvybha,
71,view,2024-12-07 19:06:07.104575,381,name8p1xl0no5ka2lk470kq1okrvybha,
72,view,2024-12-07 19:12:05.977041,308,name8p1xl0no5ka2lk470kq1okrvybha,
73,view,2024-12-07 19:12:12.697652,312,name8p1xl0no5ka2lk470kq1okrvybha,
74,view,2024-12-07 19:12:30.893129,304,name8p1xl0no5ka2lk470kq1okrvybha,
75,view,2024-12-07 19:12:39.922024,392,name8p1xl0no5ka2lk470kq1okrvybha,
76,view,2024-12-07 19:16:09.153623,355,,1
77,comment,2024-12-07 19:28:20.603482,401,,1066
78,view,2024-12-07 19:28:20.613906,275,,126
79,like,2024-12-07 19:28:20.632051,240,,1157
80,view,2024-12-07 19:28:20.644683,246,,187
81,comment,2024-12-07 19:28:20.658580,250,,1040
82,comment,2024-12-07 19:28:20.663436,279,,164
83,view,2024-12-07 19:28:20.674402,235,,2
84,view,2024-12-07 19:28:20.687861,229,,1111
85,comment,2024-12-07 19:28:20.701265,198,,1037
86,comment,2024-12-07 19:28:20.712606,194,,1235
87,like,2024-12-07 19:28:20.725804,345,,15
88,comment,2024-12-07 19:28:20.738276,299,,1019
89,comment,2024-12-07 19:28:20.750385,358,,1034
90,comment,2024-12-07 19:28:20.763042,204,,1023
91,like,2024-12-07 19:28:20.775296,326,,1140
92,like,2024-12-07 19:28:20.786494,273,,1009
93,like,2024-12-07 19:28:20.800591,377,,82
94,comment,2024-12-07 19:28:20.812982,291,,1113
95,comment,2024-12-07 19:28:20.825375,265,,1159
96,like,2024-12-07 19:28:20.837700,311,,1050
97,comment,2024-12-07 19:29:31.531071,392,,1050
98,comment,2024-12-07 19:29:31.553990,341,,1163
99,like,2024-12-07 19:29:31.564288,335,,1180
100,view,2024-12-07 19:29:31.585323,264,,87
101,comment,2024-12-07 19:29:31.598356,259,,1205
102,view,2024-12-07 19:29:31.611973,194,,108
103,like,2024-12-07 19:29:31.615806,286,,1175
104,like,2024-12-07 19:29:31.625393,257,,76
105,view,2024-12-07 19:29:31.640602,378,,1187
106,view,2024-12-07 19:29:31.651140,363,,1081
107,like,2024-12-07 19:29:31.665537,253,,1122
108,like,2024-12-07 19:29:31.677827,370,,1209
109,view,2024-12-07 19:29:31.690469,401,,167
110,comment,2024-12-07 19:29:31.703591,199,,1041
111,like,2024-12-07 19:29:31.715494,313,,172
112,view,2024-12-07 19:29:31.727634,206,,1205
113,like,2024-12-07 19:29:31.739238,371,,1018
114,comment,2024-12-07 19:29:31.751877,404,,58
115,view,2024-12-07 19:29:31.763918,225,,34
116,comment,2024-12-07 19:29:31.775656,202,,57
117,view,2024-12-07 19:30:18.073024,378,,1
118,view,2024-12-08 04:51:28.514331,378,,
119,view,2024-12-08 04:54:48.228066,379,qvwx87zeuprmq05bui076p1gntwx0ki8,
120,view,2024-12-08 04:54:51.803922,377,qvwx87zeuprmq05bui076p1gntwx0ki8,
121,view,2024-12-08 05:43:48.886983,308,,1195
122,view,2025-01-12 19:03:41.021733,308,,
123,view,2025-01-18 16:02:06.417014,538,en69nuv49si29pgwsngadpdv65trildi,
124,view,2025-01-18 16:02:06.440598,538,,
125,view,2025-01-18 16:02:06.444728,538,,
126,view,2025-01-18 16:02:06.448717,538,,
127,view,2025-01-18 16:02:06.451706,538,,
128,view,2025-01-18 16:02:06.456841,538,,
129,view,2025-01-18 16:02:06.460775,538,,
130,view,2025-01-18 16:02:06.464368,538,,
131,view,2025-01-18 16:02:06.468360,538,,
132,view,2025-01-18 16:02:06.472347,538,,
133,view,2025-01-18 16:02:06.475338,538,,
134,view,2025-01-18 16:02:06.478667,538,,
135,view,2025-01-18 16:02:06.481243,538,,
136,view,2025-01-18 16:02:06.485234,538,,
137,view,2025-01-18 16:02:06.489172,538,,
138,view,2025-01-18 16:10:29.047167,538,,
139,view,2025-01-18 16:10:29.053149,538,,
140,view,2025-01-18 16:10:29.059170,538,,
141,view,2025-01-18 16:10:29.064517,538,,
142,view,2025-01-18 16:10:29.069190,538,,
143,view,2025-01-18 16:10:29.074177,538,,
144,view,2025-01-18 16:10:29.077168,538,,
145,view,2025-01-18 16:10:29.080861,538,,
146,view,2025-01-18 16:10:29.085849,538,,
147,view,2025-01-18 16:10:29.089836,538,,
148,view,2025-01-18 16:10:29.093824,538,,
149,view,2025-01-18 16:10:29.096818,538,,
150,view,2025-01-18 16:10:29.099937,538,,
151,view,2025-01-18 16:10:29.102562,538,,
152,view,2025-01-18 16:10:29.106555,538,,
153,view,2025-01-18 17:07:23.686602,526,,
154,view,2025-01-18 17:07:23.690593,526,,
155,view,2025-01-18 17:07:23.694795,526,,
156,view,2025-01-18 17:07:23.697786,526,,
157,view,2025-01-18 17:07:23.700778,526,,
158,view,2025-01-18 17:07:23.704770,526,,
159,view,2025-01-18 17:07:23.710752,526,,
160,view,2025-01-18 17:07:23.714721,526,,
161,view,2025-01-18 17:07:23.718712,526,,
162,view,2025-01-18 17:07:23.721704,526,,
163,view,2025-01-18 17:07:23.727106,526,,
164,view,2025-01-18 17:07:23.730434,526,,
165,view,2025-01-18 17:26:31.599759,534,,
166,view,2025-01-18 17:26:31.606739,534,,
167,view,2025-01-18 17:26:31.611728,534,,
168,view,2025-01-18 17:26:31.616712,534,,
169,view,2025-01-18 17:26:31.620702,534,,
170,view,2025-01-18 17:26:31.625687,534,,
171,view,2025-01-18 17:26:31.630682,534,,
172,view,2025-01-18 17:26:31.635661,534,,
173,view,2025-01-18 17:26:31.639650,534,,
174,view,2025-01-18 17:26:31.644637,534,,
175,view,2025-01-18 17:26:31.649623,534,,
176,view,2025-01-18 17:26:31.653612,534,,
177,view,2025-01-18 17:26:31.657601,534,,
178,view,2025-01-18 17:26:31.662589,534,,
179,view,2025-01-18 17:26:31.666577,534,,
180,view,2025-01-18 17:26:31.671564,534,,
181,view,2025-01-18 17:26:31.675554,534,,
182,view,2025-01-18 17:26:31.679544,534,,
183,view,2025-01-18 17:26:31.684530,534,,
184,view,2025-01-18 17:26:31.688519,534,,
185,view,2025-01-18 17:26:31.692508,534,,
186,view,2025-01-18 17:26:31.697495,534,,
187,view,2025-01-18 17:26:31.701484,534,,
188,view,2025-01-18 17:26:31.705474,534,,
189,view,2025-01-18 17:26:31.709463,534,,
190,view,2025-01-18 17:26:31.713453,534,,
191,view,2025-01-18 17:26:31.717442,534,,
192,view,2025-01-18 17:26:31.720434,534,,
193,view,2025-01-18 17:26:31.724423,534,,
194,view,2025-01-18 17:26:31.728414,534,,
195,view,2025-01-18 17:26:31.731404,534,,
196,view,2025-01-18 17:26:31.735394,534,,
197,view,2025-01-18 17:26:31.738386,534,,
198,view,2025-01-18 17:26:31.741378,534,,
199,view,2025-01-18 17:26:31.745371,534,,
200,view,2025-01-18 17:26:31.751351,534,,
201,view,2025-01-18 17:26:31.755341,534,,
202,view,2025-01-18 17:26:31.758332,534,,
203,view,2025-01-18 17:26:31.762325,534,,
204,view,2025-01-18 17:26:31.766311,534,,
205,view,2025-01-18 17:26:31.769303,534,,
206,view,2025-01-18 17:26:31.773293,534,,
207,view,2025-01-18 17:26:31.777281,534,,
208,view,2025-01-18 17:26:31.781271,534,,
209,view,2025-01-18 17:26:31.784263,534,,
210,view,2025-01-18 17:26:31.787255,534,,
211,view,2025-01-18 17:26:31.791244,534,,
212,view,2025-01-18 17:26:31.795235,534,,
213,view,2025-01-18 17:26:31.798534,534,,
214,view,2025-01-18 17:26:31.802522,534,,
215,view,2025-01-18 17:26:31.806315,534,,
216,view,2025-01-18 17:26:31.810238,534,,
217,view,2025-01-18 17:26:31.814229,534,,
218,view,2025-01-18 17:26:31.817999,534,,
219,view,2025-01-18 17:26:31.822175,534,,
220,view,2025-01-18 17:26:31.824993,534,,
221,view,2025-01-18 17:27:15.175207,361,,
222,view,2025-01-18 17:27:15.180100,361,,
223,view,2025-01-18 17:27:15.183092,361,,
224,view,2025-01-18 17:27:15.187080,361,,
225,view,2025-01-18 17:27:15.189725,361,,
226,view,2025-01-18 17:27:15.192719,361,,
227,view,2025-01-18 17:27:15.195709,361,,
228,view,2025-01-18 17:27:15.198702,361,,
229,view,2025-01-18 17:27:15.201232,361,,
230,view,2025-01-18 17:27:15.205243,361,,
231,view,2025-01-18 17:27:15.208869,361,,
232,view,2025-01-18 17:27:15.211238,361,,
233,view,2025-01-18 17:27:15.214231,361,,
234,view,2025-01-18 17:27:15.217221,361,,
235,view,2025-01-18 17:27:15.220214,361,,
236,view,2025-01-18 17:27:15.223206,361,,
237,view,2025-01-18 17:27:15.226198,361,,
238,view,2025-01-18 17:27:15.229189,361,,
239,view,2025-01-18 17:27:15.232183,361,,
240,view,2025-01-18 17:27:15.234176,361,,
241,view,2025-01-18 17:27:15.237168,361,,
242,view,2025-01-18 17:27:15.240160,361,,
243,view,2025-01-18 17:27:15.243589,361,,
244,view,2025-01-18 17:27:15.246581,361,,
245,view,2025-01-18 17:27:15.249573,361,,
246,view,2025-01-18 17:27:15.252565,361,,
247,view,2025-01-18 17:27:15.255526,361,,
248,view,2025-01-18 17:27:15.261992,361,,
249,view,2025-01-18 17:27:15.265958,361,,
250,view,2025-01-18 17:27:15.269948,361,,
251,view,2025-01-18 17:27:15.273939,361,,
252,view,2025-01-18 17:27:15.277928,361,,
253,view,2025-01-18 17:27:15.281916,361,,
254,view,2025-01-18 17:27:15.285905,361,,
255,view,2025-01-18 17:27:15.288897,361,,
256,view,2025-01-18 17:27:15.292886,361,,
257,view,2025-01-18 17:27:15.296876,361,,
258,view,2025-01-18 17:27:15.299868,361,,
259,view,2025-01-18 17:27:15.302859,361,,
260,view,2025-01-18 17:27:15.306849,361,,
261,view,2025-01-18 17:27:15.309842,361,,
262,view,2025-01-18 17:27:15.313830,361,,
263,view,2025-01-18 17:27:15.316822,361,,
264,view,2025-01-18 17:27:15.319814,361,,
265,view,2025-01-18 17:27:15.322807,361,,
266,view,2025-01-18 17:27:15.325799,361,,
267,view,2025-01-18 17:27:15.328791,361,,
268,view,2025-01-18 17:27:15.331782,361,,
269,view,2025-01-18 17:27:15.334776,361,,
270,view,2025-01-18 17:27:15.337587,361,,
271,view,2025-01-18 17:27:15.341578,361,,
272,view,2025-01-18 17:27:15.344384,361,,
273,view,2025-01-18 17:27:15.347372,361,,
274,view,2025-01-18 17:27:15.350835,361,,
275,view,2025-01-18 17:27:18.127961,362,,
276,view,2025-01-18 17:27:18.131952,362,,
277,view,2025-01-18 17:27:18.134944,362,,
278,view,2025-01-18 17:27:18.138932,362,,
279,view,2025-01-18 17:27:18.142923,362,,
280,view,2025-01-18 17:27:18.146910,362,,
281,view,2025-01-18 17:27:18.149904,362,,
282,view,2025-01-18 17:27:18.153228,362,,
283,view,2025-01-18 17:27:18.156232,362,,
284,view,2025-01-18 17:27:18.160879,362,,
285,view,2025-01-18 17:27:18.164587,362,,
286,view,2025-01-18 17:27:18.167874,362,,
287,view,2025-01-18 17:27:18.171441,362,,
288,view,2025-01-18 17:27:18.174434,362,,
289,view,2025-01-18 17:27:18.178424,362,,
290,view,2025-01-18 17:27:18.181415,362,,
291,view,2025-01-18 17:27:18.184414,362,,
292,view,2025-01-18 17:27:18.188398,362,,
293,view,2025-01-18 17:27:18.192387,362,,
294,view,2025-01-18 17:27:18.195379,362,,
295,view,2025-01-18 17:27:18.198370,362,,
296,view,2025-01-18 17:27:18.202359,362,,
297,view,2025-01-18 17:27:18.206348,362,,
298,view,2025-01-18 17:27:18.209342,362,,
299,view,2025-01-18 17:27:18.213330,362,,
300,view,2025-01-18 17:27:18.216321,362,,
301,view,2025-01-18 17:27:18.238263,362,,
302,view,2025-01-18 17:27:18.241254,362,,
303,view,2025-01-18 17:27:18.245245,362,,
304,view,2025-01-18 17:27:18.249233,362,,
305,view,2025-01-18 17:27:18.252225,362,,
306,view,2025-01-18 17:27:18.256215,362,,
307,view,2025-01-18 17:27:18.259206,362,,
308,view,2025-01-18 17:27:18.263196,362,,
309,view,2025-01-18 17:27:18.266189,362,,
310,view,2025-01-18 17:27:18.274169,362,,
311,view,2025-01-18 17:27:18.278158,362,,
312,view,2025-01-18 17:27:18.282146,362,,
313,view,2025-01-18 17:27:18.285138,362,,
314,view,2025-01-18 17:27:18.289127,362,,
315,view,2025-01-18 17:27:18.292119,362,,
316,view,2025-01-18 17:27:18.296113,362,,
317,view,2025-01-18 17:27:18.299103,362,,
318,view,2025-01-18 17:27:18.303090,362,,
319,view,2025-01-18 17:27:18.306082,362,,
320,view,2025-01-18 17:27:18.310071,362,,
321,view,2025-01-18 17:27:18.313062,362,,
322,view,2025-01-18 17:27:18.347970,362,,
323,view,2025-01-18 17:27:18.350961,362,,
324,view,2025-01-18 17:27:18.354951,362,,
325,view,2025-01-18 17:27:18.357942,362,,
326,view,2025-01-18 17:27:18.361932,362,,
327,view,2025-01-18 17:27:18.365921,362,,
328,view,2025-01-18 17:27:18.369911,362,,
329,view,2025-01-18 17:27:18.372902,362,,
330,view,2025-01-18 17:27:18.376892,362,,
331,view,2025-01-18 17:27:18.379885,362,,
332,view,2025-01-18 17:27:18.383877,362,,
333,view,2025-01-18 17:27:18.387863,362,,
334,view,2025-01-18 17:27:18.390855,362,,
335,view,2025-01-18 17:27:18.394844,362,,
336,view,2025-01-18 17:27:18.397836,362,,
337,view,2025-01-18 17:27:18.401825,362,,
338,view,2025-01-18 17:27:18.404817,362,,
339,view,2025-01-18 17:27:18.408806,362,,
340,view,2025-01-18 17:27:18.412796,362,,
341,view,2025-01-18 17:27:18.416785,362,,
342,view,2025-01-18 17:27:18.419778,362,,
343,view,2025-01-18 17:27:18.422769,362,,
344,view,2025-01-18 17:27:18.425761,362,,
345,view,2025-01-18 17:27:21.071399,375,,
346,view,2025-01-18 17:27:21.077081,375,,
347,view,2025-01-18 17:27:21.082071,375,,
348,view,2025-01-18 17:27:21.088291,375,,
349,view,2025-01-18 17:27:21.092517,375,,
350,view,2025-01-18 17:27:21.101985,375,,
351,view,2025-01-18 17:27:21.106278,375,,
352,view,2025-01-18 17:27:21.110250,375,,
353,view,2025-01-18 17:27:21.114239,375,,
354,view,2025-01-18 17:27:21.118230,375,,
355,view,2025-01-18 17:27:21.122220,375,,
356,view,2025-01-18 17:27:21.126207,375,,
357,view,2025-01-18 17:27:21.130196,375,,
358,view,2025-01-18 17:27:21.135182,375,,
359,view,2025-01-18 17:27:21.139176,375,,
360,view,2025-01-18 17:27:21.143162,375,,
361,view,2025-01-18 17:27:21.147150,375,,
362,view,2025-01-18 17:27:21.176075,375,,
363,view,2025-01-18 17:27:21.180067,375,,
364,view,2025-01-18 17:27:21.184052,375,,
365,view,2025-01-18 17:27:21.188041,375,,
366,view,2025-01-18 17:27:21.191034,375,,
367,view,2025-01-18 17:27:21.195026,375,,
368,view,2025-01-18 17:27:21.199011,375,,
369,view,2025-01-18 17:27:21.202004,375,,
370,view,2025-01-18 17:27:21.205994,375,,
371,view,2025-01-18 17:27:21.208986,375,,
372,view,2025-01-18 17:27:21.212977,375,,
373,view,2025-01-18 17:27:21.216965,375,,
374,view,2025-01-18 17:27:21.220953,375,,
375,view,2025-01-18 17:27:21.223946,375,,
376,view,2025-01-18 17:27:21.228933,375,,
377,view,2025-01-18 17:27:21.232921,375,,
378,view,2025-01-18 17:27:21.235914,375,,
379,view,2025-01-18 17:27:21.239903,375,,
380,view,2025-01-18 17:27:21.248879,375,,
381,view,2025-01-18 17:27:21.253865,375,,
382,view,2025-01-18 17:27:21.257855,375,,
383,view,2025-01-18 17:27:21.261846,375,,
384,view,2025-01-18 17:27:21.265834,375,,
385,view,2025-01-18 17:27:21.269822,375,,
386,view,2025-01-18 17:27:21.273812,375,,
387,view,2025-01-18 17:27:21.277801,375,,
388,view,2025-01-18 17:27:21.281792,375,,
389,view,2025-01-18 17:27:21.284748,375,,
390,view,2025-01-18 17:27:21.287742,375,,
391,view,2025-01-18 17:27:21.290520,375,,
392,view,2025-01-18 17:27:21.293803,375,,
393,view,2025-01-18 17:27:21.296235,375,,
394,view,2025-01-18 17:27:21.299227,375,,
395,view,2025-01-18 17:27:21.302219,375,,
396,view,2025-01-18 17:27:21.305211,375,,
397,view,2025-01-18 17:27:21.308203,375,,
398,view,2025-01-18 17:27:21.310198,375,,
399,view,2025-01-18 17:27:21.313680,375,,
400,view,2025-01-18 17:27:21.316082,375,,
401,view,2025-01-18 17:27:21.320072,375,,
402,view,2025-01-18 17:27:21.322066,375,,
403,view,2025-01-18 17:27:21.325058,375,,
404,view,2025-01-18 17:27:21.328386,375,,
405,view,2025-01-18 17:27:21.331378,375,,
406,view,2025-01-18 17:27:21.335109,375,,
407,view,2025-01-18 17:27:21.337864,375,,
408,view,2025-01-18 17:27:21.339860,375,,
409,view,2025-01-18 17:27:21.343848,375,,
410,view,2025-01-18 17:27:21.346841,375,,
411,view,2025-01-18 17:27:21.349570,375,,
412,view,2025-01-18 17:27:21.352563,375,,
413,view,2025-01-18 17:27:21.356129,375,,
414,view,2025-01-18 17:27:21.359113,375,,
415,view,2025-01-18 17:27:24.050933,376,,
416,view,2025-01-18 17:27:24.053926,376,,
417,view,2025-01-18 17:27:24.057915,376,,
418,view,2025-01-18 17:27:24.060908,376,,
419,view,2025-01-18 17:27:24.063903,376,,
420,view,2025-01-18 17:27:24.066891,376,,
421,view,2025-01-18 17:27:24.070881,376,,
422,view,2025-01-18 17:27:24.072877,376,,
423,view,2025-01-18 17:27:24.076864,376,,
424,view,2025-01-18 17:27:24.079855,376,,
425,view,2025-01-18 17:27:24.083845,376,,
426,view,2025-01-18 17:27:24.086838,376,,
427,view,2025-01-18 17:27:24.090826,376,,
428,view,2025-01-18 17:27:24.093818,376,,
429,view,2025-01-18 17:27:24.097810,376,,
430,view,2025-01-18 17:27:24.100802,376,,
431,view,2025-01-18 17:27:24.103793,376,,
432,view,2025-01-18 17:27:24.106783,376,,
433,view,2025-01-18 17:27:24.110772,376,,
434,view,2025-01-18 17:27:24.113764,376,,
435,view,2025-01-18 17:27:24.117755,376,,
436,view,2025-01-18 17:27:24.120746,376,,
437,view,2025-01-18 17:27:24.124735,376,,
438,view,2025-01-18 17:27:24.130719,376,,
439,view,2025-01-18 17:27:24.133711,376,,
440,view,2025-01-18 17:27:24.137701,376,,
441,view,2025-01-18 17:27:24.140692,376,,
442,view,2025-01-18 17:27:24.144683,376,,
443,view,2025-01-18 17:27:24.148672,376,,
444,view,2025-01-18 17:27:24.151663,376,,
445,view,2025-01-18 17:27:24.156650,376,,
446,view,2025-01-18 17:27:24.160639,376,,
447,view,2025-01-18 17:27:24.163632,376,,
448,view,2025-01-18 17:27:24.166624,376,,
449,view,2025-01-18 17:27:24.170613,376,,
450,view,2025-01-18 17:27:24.173605,376,,
451,view,2025-01-18 17:27:24.176598,376,,
452,view,2025-01-18 17:27:24.179590,376,,
453,view,2025-01-18 17:27:24.182581,376,,
454,view,2025-01-18 17:27:24.186570,376,,
455,view,2025-01-18 17:27:24.189562,376,,
456,view,2025-01-18 17:27:24.192554,376,,
457,view,2025-01-18 17:27:24.196543,376,,
458,view,2025-01-18 17:27:24.199535,376,,
459,view,2025-01-18 17:27:24.202527,376,,
460,view,2025-01-18 17:27:24.205520,376,,
461,view,2025-01-18 17:27:27.869403,544,,
462,view,2025-01-18 17:27:27.872581,544,,
463,view,2025-01-18 17:27:27.875636,544,,
464,view,2025-01-18 17:27:27.878628,544,,
465,view,2025-01-18 17:27:27.882104,544,,
466,view,2025-01-18 17:27:27.885096,544,,
467,view,2025-01-18 17:27:27.887613,544,,
468,view,2025-01-18 17:27:27.890244,544,,
469,view,2025-01-18 17:27:27.892521,544,,
470,view,2025-01-18 17:27:27.895513,544,,
471,view,2025-01-18 17:27:27.898504,544,,
472,view,2025-01-18 17:27:27.901497,544,,
473,view,2025-01-18 17:27:27.904488,544,,
474,view,2025-01-18 17:27:27.906936,544,,
475,view,2025-01-18 17:27:27.909928,544,,
476,view,2025-01-18 17:27:27.912921,544,,
477,view,2025-01-18 17:27:27.915913,544,,
478,view,2025-01-18 17:27:27.919044,544,,
479,view,2025-01-18 17:27:27.922036,544,,
480,view,2025-01-18 17:27:27.924031,544,,
481,view,2025-01-18 17:27:27.927023,544,,
482,view,2025-01-18 17:27:27.931012,544,,
483,view,2025-01-18 17:27:27.934005,544,,
484,view,2025-01-18 17:27:27.936998,544,,
485,view,2025-01-18 17:27:27.939989,544,,
486,view,2025-01-18 17:27:27.942980,544,,
487,view,2025-01-18 17:27:27.946971,544,,
488,view,2025-01-18 17:27:27.949964,544,,
489,view,2025-01-18 17:27:27.952954,544,,
490,view,2025-01-18 17:27:27.955951,544,,
491,view,2025-01-18 17:27:27.958937,544,,
492,view,2025-01-18 17:27:27.962927,544,,
493,view,2025-01-18 17:27:27.965919,544,,
494,view,2025-01-18 17:27:27.968922,544,,
495,view,2025-01-18 17:27:27.971904,544,,
496,view,2025-01-18 17:27:27.974895,544,,
497,view,2025-01-18 17:27:27.977887,544,,
498,view,2025-01-18 17:27:27.980879,544,,
499,view,2025-01-18 17:27:27.983965,544,,
500,view,2025-01-18 17:27:27.986931,544,,
501,view,2025-01-18 17:27:27.989923,544,,
502,view,2025-01-18 17:27:27.992916,544,,
503,view,2025-01-18 17:27:27.995909,544,,
504,view,2025-01-18 17:27:27.998899,544,,
505,view,2025-01-18 17:27:28.001891,544,,
506,view,2025-01-18 17:27:28.004884,544,,
507,view,2025-01-18 17:27:28.007877,544,,
508,view,2025-01-18 17:27:28.010868,544,,
509,view,2025-01-18 17:27:28.013859,544,,
510,view,2025-01-18 17:27:28.016851,544,,
511,view,2025-01-18 17:27:28.019844,544,,
512,view,2025-01-18 17:27:28.023833,544,,
513,view,2025-01-18 17:27:28.026826,544,,
514,view,2025-01-18 17:27:28.029818,544,,
515,view,2025-01-18 17:27:28.033807,544,,
516,view,2025-01-18 17:27:28.036799,544,,
517,view,2025-01-18 17:27:28.039790,544,,
518,view,2025-01-18 17:27:28.042783,544,,
519,view,2025-01-18 17:27:28.046773,544,,
520,view,2025-01-18 17:27:28.050761,544,,
521,view,2025-01-18 17:27:28.054751,544,,
522,view,2025-01-18 17:27:28.057743,544,,
523,view,2025-01-18 17:27:28.060735,544,,
524,view,2025-01-18 17:27:28.068713,544,,
525,view,2025-01-18 17:27:28.071705,544,,
526,view,2025-01-18 17:27:28.074698,544,,
527,view,2025-01-18 17:27:28.077689,544,,
528,view,2025-01-18 17:27:28.080681,544,,
529,view,2025-01-18 17:27:28.084671,544,,
530,view,2025-01-18 17:27:28.087663,544,,
531,view,2025-01-18 17:27:28.090655,544,,
532,view,2025-01-18 17:27:28.093647,544,,
533,view,2025-01-18 17:27:28.097635,544,,
534,view,2025-01-18 17:27:28.100630,544,,
535,view,2025-01-18 17:27:28.104616,544,,
536,view,2025-01-18 17:27:28.108607,544,,
537,view,2025-01-18 17:27:28.111598,544,,
538,view,2025-01-18 17:27:28.114590,544,,
539,view,2025-01-18 17:27:28.117583,544,,
540,view,2025-01-18 17:27:28.121572,544,,
541,view,2025-01-18 17:27:28.124565,544,,
542,view,2025-01-18 17:27:28.127555,544,,
543,view,2025-01-18 17:27:28.131546,544,,
544,view,2025-01-18 17:27:28.134539,544,,
545,view,2025-01-18 17:27:28.138528,544,,
546,view,2025-01-18 17:27:28.141520,544,,
547,view,2025-01-18 17:27:28.145509,544,,
548,view,2025-01-18 17:27:28.148501,544,,
549,view,2025-01-18 17:27:28.151494,544,,
550,view,2025-01-18 17:27:28.155481,544,,
551,view,2025-01-18 17:27:28.158473,544,,
552,view,2025-01-18 17:27:28.161466,544,,
553,view,2025-01-18 17:27:28.165457,544,,
554,view,2025-01-18 17:27:28.168449,544,,
555,view,2025-01-18 17:27:28.171471,544,,
556,view,2025-01-18 17:27:28.175387,544,,
557,view,2025-01-18 17:27:28.178692,544,,
558,view,2025-01-18 17:27:28.182097,544,,
559,view,2025-01-18 17:27:28.184091,544,,
560,view,2025-01-18 17:27:28.187785,544,,
561,view,2025-01-18 17:27:28.214255,544,,
562,view,2025-01-18 17:27:28.219241,544,,
563,view,2025-01-18 17:27:28.224151,544,,
564,view,2025-01-18 17:27:28.229141,544,,
565,view,2025-01-18 17:27:28.235126,544,,
566,view,2025-01-18 17:27:28.240111,544,,
567,view,2025-01-18 17:27:28.245096,544,,
568,view,2025-01-18 17:27:28.251006,544,,
569,view,2025-01-18 17:27:28.256543,544,,
570,view,2025-01-18 17:27:28.259291,544,,
571,view,2025-01-18 17:27:28.262283,544,,
572,view,2025-01-18 17:27:28.265275,544,,
573,view,2025-01-18 17:27:28.268267,544,,
574,view,2025-01-18 17:27:28.271259,544,,
575,view,2025-01-18 17:27:28.274595,544,,
576,view,2025-01-18 17:27:28.277587,544,,
577,view,2025-01-18 17:27:28.280216,544,,
578,view,2025-01-18 17:27:28.283332,544,,
579,view,2025-01-18 17:27:28.286417,544,,
580,view,2025-01-18 17:27:28.289729,544,,
581,view,2025-01-18 17:27:28.292945,544,,
582,view,2025-01-18 17:27:28.295938,544,,
583,view,2025-01-18 17:27:28.298929,544,,
584,view,2025-01-18 17:27:28.300923,544,,
585,view,2025-01-18 17:27:28.303916,544,,
586,view,2025-01-18 17:27:28.307905,544,,
587,view,2025-01-18 17:27:31.655093,589,,
588,view,2025-01-18 17:27:31.661073,589,,
589,view,2025-01-18 17:27:31.664063,589,,
590,view,2025-01-18 17:27:31.668418,589,,
591,view,2025-01-18 17:27:31.671410,589,,
592,view,2025-01-18 17:27:31.674066,589,,
593,view,2025-01-18 17:27:31.676990,589,,
594,view,2025-01-18 17:27:31.679984,589,,
595,view,2025-01-18 17:27:31.683121,589,,
596,view,2025-01-18 17:27:31.686089,589,,
597,view,2025-01-18 17:27:31.688693,589,,
598,view,2025-01-18 17:27:31.690861,589,,
599,view,2025-01-18 17:27:31.694850,589,,
600,view,2025-01-18 17:27:31.697907,589,,
601,view,2025-01-18 17:27:31.700898,589,,
602,view,2025-01-18 17:27:31.703825,589,,
603,view,2025-01-18 17:27:31.706497,589,,
604,view,2025-01-18 17:27:31.709489,589,,
605,view,2025-01-18 17:27:31.711484,589,,
606,view,2025-01-18 17:27:31.714911,589,,
607,view,2025-01-18 17:27:31.717839,589,,
608,view,2025-01-18 17:27:31.720830,589,,
609,view,2025-01-18 17:27:31.723822,589,,
610,view,2025-01-18 17:27:31.726867,589,,
611,view,2025-01-18 17:27:31.730649,589,,
612,view,2025-01-18 17:27:31.733601,589,,
613,view,2025-01-18 17:27:31.736592,589,,
614,view,2025-01-18 17:27:31.739586,589,,
615,view,2025-01-18 17:27:31.742577,589,,
616,view,2025-01-18 17:27:31.745568,589,,
617,view,2025-01-18 17:27:31.747997,589,,
618,view,2025-01-18 17:27:31.750940,589,,
619,view,2025-01-18 17:27:31.754631,589,,
620,view,2025-01-18 17:27:31.757743,589,,
621,view,2025-01-18 17:27:31.760666,589,,
622,view,2025-01-18 17:27:31.765247,589,,
623,view,2025-01-18 17:27:31.767241,589,,
624,view,2025-01-18 17:27:31.771046,589,,
625,view,2025-01-18 17:27:31.774039,589,,
626,view,2025-01-18 17:27:31.776814,589,,
627,view,2025-01-18 17:27:31.779803,589,,
628,view,2025-01-18 17:27:31.782795,589,,
629,view,2025-01-18 17:27:31.785402,589,,
630,view,2025-01-18 17:27:31.788394,589,,
631,view,2025-01-18 17:27:31.791386,589,,
632,view,2025-01-18 17:27:31.794378,589,,
633,view,2025-01-18 17:27:31.797370,589,,
634,view,2025-01-18 17:27:31.800690,589,,
635,view,2025-01-18 17:27:31.803682,589,,
636,view,2025-01-18 17:27:31.806674,589,,
637,view,2025-01-18 17:27:31.809666,589,,
638,view,2025-01-18 17:27:31.812523,589,,
639,view,2025-01-18 17:27:31.815515,589,,
640,view,2025-01-18 17:27:31.818507,589,,
641,view,2025-01-18 17:27:31.821499,589,,
642,view,2025-01-18 17:27:31.824492,589,,
643,view,2025-01-18 17:27:31.827483,589,,
644,view,2025-01-18 17:27:31.830845,589,,
645,view,2025-01-18 17:27:31.833365,589,,
646,view,2025-01-18 17:27:31.836689,589,,
647,view,2025-01-18 17:27:31.839682,589,,
648,view,2025-01-18 17:27:31.842257,589,,
649,view,2025-01-18 17:27:31.845622,589,,
650,view,2025-01-18 17:27:31.852025,589,,
651,view,2025-01-18 17:27:31.855101,589,,
652,view,2025-01-18 17:27:31.858093,589,,
653,view,2025-01-18 17:27:31.861023,589,,
654,view,2025-01-18 17:27:31.864017,589,,
655,view,2025-01-18 17:27:31.867009,589,,
656,view,2025-01-18 17:27:31.870000,589,,
657,view,2025-01-18 17:27:31.873608,589,,
658,view,2025-01-18 17:27:31.876600,589,,
659,view,2025-01-18 17:27:31.879592,589,,
660,view,2025-01-18 17:27:31.883581,589,,
661,view,2025-01-18 17:27:31.886573,589,,
662,view,2025-01-18 17:27:31.890389,589,,
663,view,2025-01-18 17:27:31.893473,589,,
664,view,2025-01-18 17:27:31.895467,589,,
665,view,2025-01-18 17:27:31.898813,589,,
666,view,2025-01-18 17:27:31.901805,589,,
667,view,2025-01-18 17:27:31.904797,589,,
668,view,2025-01-18 17:27:31.907790,589,,
669,view,2025-01-18 17:27:31.910781,589,,
670,view,2025-01-18 17:27:31.929263,589,,
671,view,2025-01-18 17:27:31.935198,589,,
672,view,2025-01-18 17:27:31.937879,589,,
673,view,2025-01-18 17:27:31.940871,589,,
674,view,2025-01-18 17:27:31.943863,589,,
675,view,2025-01-18 17:27:31.946856,589,,
676,view,2025-01-18 17:27:31.949848,589,,
677,view,2025-01-18 17:27:31.952855,589,,
678,view,2025-01-18 17:27:31.956339,589,,
679,view,2025-01-18 17:27:31.959331,589,,
680,view,2025-01-18 17:27:31.963442,589,,
681,view,2025-01-18 17:27:31.966636,589,,
682,view,2025-01-18 17:27:31.969599,589,,
683,view,2025-01-18 17:27:31.972591,589,,
684,view,2025-01-18 17:27:31.975485,589,,
685,view,2025-01-18 17:27:31.978941,589,,
686,view,2025-01-18 17:27:31.981874,589,,
687,view,2025-01-18 17:27:31.984868,589,,
688,view,2025-01-18 17:27:31.987717,589,,
689,view,2025-01-18 17:27:31.993702,589,,
690,view,2025-01-18 17:27:32.021242,589,,
691,view,2025-01-18 17:27:32.026225,589,,
692,view,2025-01-18 17:27:32.032248,589,,
693,view,2025-01-18 17:27:32.036198,589,,
694,view,2025-01-18 17:27:32.040187,589,,
695,view,2025-01-18 17:27:32.043181,589,,
696,view,2025-01-18 17:27:32.046174,589,,
697,view,2025-01-18 17:27:32.049164,589,,
698,view,2025-01-18 17:27:32.052156,589,,
699,view,2025-01-18 17:27:32.055148,589,,
700,view,2025-01-18 17:27:32.058140,589,,
701,view,2025-01-18 17:27:32.061132,589,,
702,view,2025-01-18 17:27:32.065122,589,,
703,view,2025-01-18 17:27:32.067921,589,,
704,view,2025-01-18 17:27:32.071204,589,,
705,view,2025-01-18 17:27:32.074196,589,,
706,view,2025-01-18 17:27:32.079182,589,,
707,view,2025-01-18 17:27:32.082252,589,,
708,view,2025-01-18 17:27:32.085244,589,,
709,view,2025-01-18 17:27:32.088236,589,,
710,view,2025-01-18 17:27:32.090230,589,,
711,view,2025-01-18 17:27:32.093072,589,,
712,view,2025-01-18 17:27:32.096066,589,,
713,view,2025-01-18 17:27:36.133030,620,,
714,view,2025-01-18 17:27:36.136023,620,,
715,view,2025-01-18 17:27:36.140012,620,,
716,view,2025-01-18 17:27:36.143004,620,,
717,view,2025-01-18 17:27:36.146994,620,,
718,view,2025-01-18 17:27:36.150984,620,,
719,view,2025-01-18 17:27:36.153974,620,,
720,view,2025-01-18 17:27:36.156966,620,,
721,view,2025-01-18 17:27:36.159959,620,,
722,view,2025-01-18 17:27:36.163947,620,,
723,view,2025-01-18 17:27:36.171962,620,,
724,view,2025-01-18 17:27:36.175916,620,,
725,view,2025-01-18 17:27:36.178908,620,,
726,view,2025-01-18 17:27:36.185888,620,,
727,view,2025-01-18 17:27:36.189880,620,,
728,view,2025-01-18 17:27:36.192870,620,,
729,view,2025-01-18 17:27:36.196864,620,,
730,view,2025-01-18 17:27:36.199852,620,,
731,view,2025-01-18 17:27:36.203843,620,,
732,view,2025-01-18 17:27:36.207837,620,,
733,view,2025-01-18 17:27:36.210823,620,,
734,view,2025-01-18 17:27:36.213814,620,,
735,view,2025-01-18 17:27:36.216807,620,,
736,view,2025-01-18 17:27:36.219800,620,,
737,view,2025-01-18 17:27:36.223789,620,,
738,view,2025-01-18 17:27:36.226780,620,,
739,view,2025-01-18 17:45:03.206167,566,,
740,view,2025-01-18 17:45:03.214145,566,,
741,view,2025-01-18 17:45:03.219131,566,,
742,view,2025-01-18 17:45:03.225114,566,,
743,view,2025-01-18 17:45:03.229237,566,,
744,view,2025-01-18 17:45:03.232228,566,,
745,view,2025-01-18 17:45:03.237119,566,,
746,view,2025-01-18 17:45:03.241108,566,,
747,view,2025-01-18 17:45:03.244930,566,,
748,view,2025-01-18 17:45:03.247921,566,,
749,view,2025-01-18 17:45:03.252522,566,,
750,view,2025-01-18 17:45:23.994979,667,,
751,view,2025-01-18 17:45:24.002956,667,,
752,view,2025-01-18 17:45:24.006944,667,,
753,view,2025-01-18 17:45:24.010936,667,,
754,view,2025-01-18 17:45:24.014926,667,,
755,view,2025-01-18 17:45:24.018913,667,,
756,view,2025-01-18 17:45:24.022902,667,,
757,view,2025-01-18 17:45:24.026892,667,,
758,view,2025-01-18 17:45:24.030559,667,,
759,view,2025-01-18 17:45:24.033877,667,,
760,view,2025-01-18 17:45:24.038650,667,,
