id,nickname,title,description,tags,shared_date,is_published,original_letter_id,shared_by_id,feature_photo,view_count
194,anonymous,Letters from 2024-11-18,"Dear Future Me, I hope you have achieved your dreams of becoming a software engineer...",,2024-11-20 18:17:15.463470,0,1,1001,public_letters/photos/0-02-03-0ab1c8585faef4018310cfbcee78ece37b493d46fff72434b214301554_FSsvGb3.jpg,67
195,user1002,Letters from 2024-11-18,"Hey future self, remember to always stay positive and work hard...",,2024-11-20 18:17:15.469794,0,2,1002,,37
196,anonymous,Letters from 2024-11-18,"By now, you should have completed your master's degree. I hope you are doing well...",,2024-11-20 18:17:15.482181,0,3,1003,,71
197,anonymous,Letters from 2024-11-18,"Future me, I hope you are healthy and happy. Don't forget to stay in touch with old friends.",,2024-11-20 18:17:15.491391,0,4,1004,,27
198,anonymous,Letters from 2024-11-18,"Dear future self, have you traveled to all those places you wanted to visit?",,2024-11-20 18:17:15.499198,0,5,1005,,54
199,anonymous,Letters from 2024-11-18,"Hi future me, I hope you have found a work-life balance and are enjoying your career.",,2024-11-20 18:17:15.500003,0,6,1006,,22
200,anonymous,Letters from 2024-11-18,"Remember to keep learning and growing, future self. You are capable of amazing things.",,2024-11-20 18:17:15.513664,0,7,1007,,5
201,anonymous,Letters from 2024-11-18,"Dear future me, I hope you have maintained your health and fitness goals.",,2024-11-20 18:17:15.517637,0,8,1008,,14
202,user1009,Letters from 2024-11-18,"Hey future self, I hope you have built meaningful relationships and are surrounded by loved ones.",,2024-11-20 18:17:15.527852,0,9,1009,,20
203,anonymous,Letters from 2024-11-18,"By now, you should have accomplished many of your goals. Keep pushing forward.",,2024-11-20 18:17:15.533454,0,10,1010,,57
204,anonymous,Letters from 2024-11-18,"Future me, I hope you have learned to appreciate the little things in life.",,2024-11-20 18:17:15.543632,0,11,1011,,74
205,anonymous,Letters from 2024-11-18,"Dear future self, are you still passionate about your hobbies and interests?",,2024-11-20 18:17:15.550076,0,12,1012,,62
206,anonymous,Letters from 2024-11-18,"Hey future me, I hope you have taken the time to travel and explore new places.",,2024-11-20 18:17:15.550076,0,13,1013,,71
207,anonymous,Letters from 2024-11-18,"Future self, remember to always be kind and compassionate to others.",,2024-11-20 18:17:15.565285,0,14,1014,,26
208,anonymous,Letters from 2024-11-18,"Dear future me, I hope you have found a fulfilling career that you enjoy.",,2024-11-20 18:17:15.573511,0,15,1015,,15
209,anonymous,Letters from 2024-11-18,"Hi future self, I hope you are living a happy and healthy life with your family.",,2024-11-20 18:17:15.578516,0,16,1016,,69
210,anonymous,Letters from 2024-11-18,"Remember to stay motivated and never give up on your dreams, future me.",,2024-11-20 18:17:15.586749,0,17,1017,,31
211,anonymous,Letters from 2024-11-18,"Dear future self, I hope you have found peace and contentment in your life.",,2024-11-20 18:17:15.593320,0,18,1018,,43
212,user1019,Letters from 2024-11-18,"Hey future me, I hope you are still curious and eager to learn new things.",,2024-11-20 18:17:15.599951,0,19,1019,,61
213,anonymous,Letters from 2024-11-18,"By now, you should have built strong relationships and a supportive network.",,2024-11-20 18:17:15.606556,0,20,1020,,16
214,anonymous,Letters from 2024-11-18,"Future me, I hope you are grateful for everything you have accomplished.",,2024-11-20 18:17:15.614050,0,21,1021,,22
215,anonymous,Letters from 2024-11-18,"Dear future self, are you still pursuing your passions and dreams?",,2024-11-20 18:17:15.622197,0,22,1022,,36
216,anonymous,Letters from 2024-11-18,"Hey future me, I hope you have found balance and happiness in your life.",,2024-11-20 18:17:15.628244,0,23,1023,,27
217,anonymous,Letters from 2024-11-18,"Future self, remember to stay humble and always be willing to help others.",,2024-11-20 18:17:15.638902,0,24,1024,,67
218,anonymous,Letters from 2024-11-18,"Dear future me, I hope you have traveled to many beautiful places around the world.",,2024-11-20 18:17:15.646978,0,25,1025,,62
219,anonymous,Letters from 2024-11-18,"Hi future self, I hope you are proud of the person you have become.",,2024-11-20 18:17:15.649840,0,26,1026,,74
220,anonymous,Letters from 2024-11-18,"Remember to keep pushing forward and never give up, future me.",,2024-11-20 18:17:15.661963,0,27,1027,,12
221,anonymous,Letters from 2024-11-18,"Dear future self, I hope you have learned to enjoy the present moment.",,2024-11-20 18:17:15.666706,0,28,1028,,9
222,user1029,Letters from 2024-11-18,"Hey future me, I hope you have found a career that you love and are passionate about.",,2024-11-20 18:17:15.678310,0,29,1029,,21
223,anonymous,Letters from 2024-11-18,"By now, you should have achieved many of your goals. Keep striving for more.",,2024-11-20 18:17:15.688869,0,30,1030,,55
224,anonymous,Letters from 2024-11-18,"Future me, I hope you have learned to appreciate the little things in life.",,2024-11-20 18:17:15.696118,0,31,1031,,52
225,anonymous,Letters from 2024-11-18,"Dear future self, are you still passionate about your hobbies and interests?",,2024-11-20 18:17:15.699715,0,32,1032,,37
226,anonymous,Letters from 2024-11-18,"Hey future me, I hope you have taken the time to travel and explore new places.",,2024-11-20 18:17:15.708524,0,33,1033,,66
227,anonymous,Letters from 2024-11-18,"Future self, remember to always be kind and compassionate to others.",,2024-11-20 18:17:15.712756,0,34,1034,,13
228,anonymous,Letters from 2024-11-18,"Dear future me, I hope you have found a fulfilling career that you enjoy.",,2024-11-20 18:17:15.723215,0,35,1035,,31
229,anonymous,Letters from 2024-11-18,"Hi future self, I hope you are living a happy and healthy life with your family.",,2024-11-20 18:17:15.728309,0,36,1036,,8
230,anonymous,Letters from 2024-11-18,"Remember to stay motivated and never give up on your dreams, future me.",,2024-11-20 18:17:15.736277,0,37,1037,,57
231,anonymous,Letters from 2024-11-18,"Dear future self, I hope you have found peace and contentment in your life.",,2024-11-20 18:17:15.741262,0,38,1038,,67
232,user1039,Letters from 2024-11-18,"Hey future me, I hope you are still curious and eager to learn new things.",,2024-11-20 18:17:15.746774,0,39,1039,,42
233,anonymous,Letters from 2024-11-18,"By now, you should have built strong relationships and a supportive network.",,2024-11-20 18:17:15.749889,0,40,1040,,60
234,anonymous,Letters from 2024-11-18,"Future me, I hope you are grateful for everything you have accomplished.",,2024-11-20 18:17:15.759621,0,41,1041,,30
235,anonymous,Letters from 2024-11-18,"Dear future self, are you still pursuing your passions and dreams?",,2024-11-20 18:17:15.765816,0,42,1042,,63
236,anonymous,Letters from 2024-11-18,"Hey future me, I hope you have found balance and happiness in your life.",,2024-11-20 18:17:15.789981,0,43,1043,,31
237,anonymous,Letters from 2024-11-18,"Future self, remember to stay humble and always be willing to help others.",,2024-11-20 18:17:15.796526,0,44,1044,,9
238,anonymous,Letters from 2024-11-18,"Dear future me, I hope you have traveled to many beautiful places around the world.",,2024-11-20 18:17:15.800078,0,45,1045,,72
239,anonymous,Letters from 2024-11-18,"Hi future self, I hope you are proud of the person you have become.",,2024-11-20 18:17:15.811423,0,46,1046,,10
240,anonymous,Letters from 2024-11-18,"Remember to keep pushing forward and never give up, future me.",,2024-11-20 18:17:15.816757,0,47,1047,,54
241,anonymous,Letters from 2024-11-18,"Dear future self, I hope you have learned to enjoy the present moment.",,2024-11-20 18:17:15.827399,0,48,1048,,5
242,user1049,Letters from 2024-11-18,"Hey future me, I hope you have found a career that you love and are passionate about.",,2024-11-20 18:17:15.833447,0,49,1049,,54
243,anonymous,Letters from 2024-11-18,"By now, you should have achieved many of your goals. Keep striving for more.",,2024-11-20 18:17:15.844806,0,50,1050,,37
244,anonymous,Letters from 2024-11-18,"By now, you should have achieved many of your goals. Keep striving for more.",,2024-11-20 18:17:15.850382,0,51,1050,,56
245,anonymous,Letters from 2024-11-18,"Dear future self, I hope you have maintained strong relationships and continued to grow both personally and professionally.",,2024-11-20 18:17:15.859381,0,52,1051,,73
246,anonymous,Letters from 2024-11-18,"Hey future me, I hope you are enjoying the life you worked so hard to build. Don't forget to take breaks.",,2024-11-20 18:17:15.866562,0,53,1052,,59
247,anonymous,Letters from 2024-11-18,"By now, I hope you have achieved your goal of running a marathon and are still staying active.",,2024-11-20 18:17:15.874521,0,54,1053,,59
248,anonymous,Letters from 2024-11-18,"Dear future me, I hope you have continued to learn new things and challenge yourself every day.",,2024-11-20 18:17:15.880569,0,55,1054,,41
249,anonymous,Letters from 2024-11-18,"Hey future self, I hope you have found balance in your life and are making time for the people you love.",,2024-11-20 18:17:15.890112,0,56,1055,,74
250,anonymous,Letters from 2024-11-18,"Future me, I hope you have traveled to at least three new countries and experienced different cultures.",,2024-11-20 18:17:15.895128,0,57,1056,,16
251,anonymous,Letters from 2024-11-18,"Dear future self, I hope you have achieved financial stability and are able to live comfortably.",,2024-11-20 18:17:15.903421,0,58,1057,,70
252,anonymous,Letters from 2024-11-18,"Hey future me, remember to stay humble and never forget where you came from. Keep your roots strong.",,2024-11-20 18:17:15.910084,0,59,1058,,42
253,anonymous,Letters from 2024-11-18,"By now, you should have made significant progress in your career. Keep aiming higher and striving for excellence.",,2024-11-20 18:17:15.916493,0,60,1059,,34
254,anonymous,Letters from 2024-11-18,"Dear future me, I hope you have maintained your health and are still prioritizing your well-being.",,2024-11-20 18:17:15.921904,0,61,1060,,66
255,anonymous,Letters from 2024-11-18,"Hey future self, I hope you have continued to stay in touch with old friends and have made new ones along the way.",,2024-11-20 18:17:15.933032,0,62,1061,,64
256,anonymous,Letters from 2024-11-18,"Future me, I hope you have found a hobby that you love and that brings you joy every day.",,2024-11-20 18:17:15.941980,0,63,1062,,13
257,anonymous,Letters from 2024-11-18,"Dear future self, I hope you have learned to balance work and play, and are truly enjoying life.",,2024-11-20 18:17:15.949803,0,64,1063,,36
258,anonymous,Letters from 2024-11-18,"Hey future me, I hope you have taken risks and tried new things. Don't be afraid to step out of your comfort zone.",,2024-11-20 18:17:15.958352,0,65,1064,,27
259,anonymous,Letters from 2024-11-18,"By now, you should have developed a strong support system. Cherish the people who have stood by you.",,2024-11-20 18:17:15.963414,0,66,1065,,32
260,anonymous,Letters from 2024-11-18,"Dear future me, I hope you have stayed true to your values and have not compromised on what is important to you.",,2024-11-20 18:17:15.970215,0,67,1066,,23
261,anonymous,Letters from 2024-11-18,"Hey future self, I hope you have continued to grow and evolve. Never stop learning and improving.",,2024-11-20 18:17:15.976223,0,68,1067,,36
262,anonymous,Letters from 2024-11-18,"Future me, I hope you have taken the time to appreciate the beauty in everyday life. Slow down and enjoy the moment.",,2024-11-20 18:17:15.981025,0,69,1068,,51
263,anonymous,Letters from 2024-11-18,"Dear future self, I hope you have continued to be generous and give back to your community.",,2024-11-20 18:17:15.988164,0,70,1069,,43
264,anonymous,Letters from 2024-11-18,"Hey future me, I hope you have remained optimistic and positive, even when faced with challenges.",,2024-11-20 18:17:15.993151,0,71,1070,,51
265,anonymous,Letters from 2024-11-18,"By now, you should have a wealth of experiences and stories to tell. Share your journey with others.",,2024-11-20 18:17:15.999574,0,72,1071,,38
266,anonymous,Letters from 2024-11-18,"Dear future me, I hope you have found true happiness and contentment in whatever you are doing.",,2024-11-20 18:17:16.004924,0,73,1072,,35
267,anonymous,Letters from 2024-11-18,"Hey future self, I hope you have surrounded yourself with positive and inspiring people who lift you up.",,2024-11-20 18:17:16.012663,0,74,1073,,26
268,anonymous,Letters from 2024-11-18,"Future me, I hope you have continued to pursue your passions and never settled for less than what you deserve.",,2024-11-20 18:17:16.016722,0,75,1074,,72
269,anonymous,Letters from 2024-11-18,"Dear future self, I hope you have stayed curious and always sought to learn more about the world around you.",,2024-11-20 18:17:16.025854,0,76,1075,,31
270,anonymous,Letters from 2024-11-18,"Hey future me, I hope you have continued to grow and evolve as a person. Keep pushing your boundaries.",,2024-11-20 18:17:16.031483,0,77,1076,,11
271,anonymous,Letters from 2024-11-18,"By now, you should have achieved some of your biggest dreams. Don't stop there, keep aiming higher.",,2024-11-20 18:17:16.038517,0,78,1077,,19
272,anonymous,Letters from 2024-11-18,"Dear future me, I hope you have maintained your sense of humor and continue to find joy in the little things.",,2024-11-20 18:17:16.043558,0,79,1078,,53
273,anonymous,Letters from 2024-11-18,"Hey future self, I hope you have stayed true to yourself and have not let others' opinions sway you.",,2024-11-20 18:17:16.053445,0,80,1079,,13
274,anonymous,Letters from 2024-11-18,"Future me, I hope you have found peace and tranquility in your life. Take time to relax and recharge.",,2024-11-20 18:17:16.056199,0,81,1080,,45
275,anonymous,Letters from 2024-11-18,"Dear future self, I hope you have continued to be a good friend and have supported those around you.",,2024-11-20 18:17:16.066536,0,82,1081,,31
276,anonymous,Letters from 2024-11-18,"Hey future me, I hope you have achieved the work-life balance you always wanted. Take care of yourself.",,2024-11-20 18:17:16.073765,0,83,1082,,35
277,anonymous,Letters from 2024-11-18,"By now, you should have learned to let go of what doesn't serve you and embraced what truly makes you happy.",,2024-11-20 18:17:16.082487,0,84,1083,,41
278,anonymous,Letters from 2024-11-18,"Dear future me, I hope you have stayed resilient and strong in the face of adversity. Keep moving forward.",,2024-11-20 18:17:16.084611,0,85,1084,,71
279,anonymous,Letters from 2024-11-18,"Hey future self, I hope you have continued to nurture your creative side and pursued artistic endeavors.",,2024-11-20 18:17:16.096669,0,86,1085,,33
280,anonymous,Letters from 2024-11-18,"Future me, I hope you have taken the time to explore new interests and have not been afraid to try new things.",,2024-11-20 18:17:16.104989,0,87,1086,,52
281,anonymous,Letters from 2024-11-18,"Dear future self, I hope you have stayed patient and kind, even when things don't go as planned.",,2024-11-20 18:17:16.109738,0,88,1087,,29
282,anonymous,Letters from 2024-11-18,"Hey future me, I hope you have found true love and are surrounded by people who genuinely care for you.",,2024-11-20 18:17:16.116522,0,89,1088,,61
283,anonymous,Letters from 2024-11-18,"By now, you should have made significant strides in your personal growth. Keep evolving and improving.",,2024-11-20 18:17:16.124812,0,90,1089,,56
284,anonymous,Letters from 2024-11-18,"Dear future me, I hope you have continued to practice gratitude and appreciate the small joys in life.",,2024-11-20 18:17:16.132454,0,91,1090,,8
285,anonymous,Letters from 2024-11-18,"Hey future self, I hope you have stayed focused and determined, even when faced with obstacles.",,2024-11-20 18:17:16.139977,0,92,1091,,66
286,anonymous,Letters from 2024-11-18,"Future me, I hope you have found fulfillment in your career and are proud of the work you do.",,2024-11-20 18:17:16.146004,0,93,1092,,49
287,anonymous,Letters from 2024-11-18,"Dear future self, I hope you have learned to forgive and let go of past grievances. Focus on the present.",,2024-11-20 18:17:16.155837,0,94,1093,,59
288,anonymous,Letters from 2024-11-18,"Hey future me, I hope you have stayed adventurous and never stopped exploring the world around you.",,2024-11-20 18:17:16.162953,0,95,1094,,31
289,anonymous,Letters from 2024-11-18,"By now, you should have a wealth of knowledge and experience. Share your wisdom with those who need it.",,2024-11-20 18:17:16.166558,0,96,1095,,53
290,anonymous,Letters from 2024-11-18,"Dear future me, I hope you have stayed grounded and never lost sight of what truly matters to you.",,2024-11-20 18:17:16.178573,0,97,1096,,15
291,anonymous,Letters from 2024-11-18,"Hey future self, I hope you have continued to be compassionate and empathetic towards others.",,2024-11-20 18:17:16.184789,0,98,1097,,47
292,anonymous,Letters from 2024-11-18,"Future me, I hope you have taken the time to reflect on your journey and appreciate how far you've come.",,2024-11-20 18:17:16.193357,0,99,1098,,29
293,anonymous,Letters from 2024-11-18,"Dear future self, I hope you have stayed resilient and never gave up, no matter how tough things got.",,2024-11-20 18:17:16.200082,0,100,1099,,12
294,anonymous,Letters from 2024-11-18,"Hey future me, I hope you have achieved your dreams and are living the life you always wanted.",,2024-11-20 18:17:16.209981,0,101,1100,,18
295,anonymous,Letters from 2024-11-18,"Future me, I hope you have continued to be curious and seek out new experiences and knowledge.",,2024-11-20 18:17:16.216389,0,102,1101,,44
296,anonymous,Letters from 2024-11-18,"Dear future self, I hope you have maintained your integrity and have always stood up for what you believe in.",,2024-11-20 18:17:16.224143,0,103,1102,,58
297,anonymous,Letters from 2024-11-18,"Hey future self, I hope you have continued to stay positive and have always looked on the bright side of things.",,2024-11-20 18:17:16.229176,0,104,1103,,41
298,anonymous,Letters from 2024-11-18,"By now, you should have found your true purpose and are living a life that is meaningful to you.",,2024-11-20 18:17:16.239076,0,105,1104,,71
299,anonymous,Letters from 2024-11-18,"Dear future me, I hope you have remained humble and kind, no matter how much you have achieved.",,2024-11-20 18:17:16.246266,0,106,1105,,34
300,anonymous,Letters from 2024-11-18,"Hey future self, I hope you have continued to stay focused on your goals and have never lost sight of your dreams.",,2024-11-20 18:17:16.249856,0,107,1106,,74
301,anonymous,Letters from 2024-11-18,"Future me, I hope you have learned to let go of the past and embrace the present with open arms.",,2024-11-20 18:17:16.260797,0,108,1107,,28
302,anonymous,Letters from 2024-11-18,"Dear future self, I hope you have stayed true to your values and have not compromised on what is important to you.",,2024-11-20 18:17:16.266639,0,109,1108,,30
303,anonymous,Letters from 2024-11-18,"Hey future me, I hope you have continued to challenge yourself and have not settled for mediocrity.",,2024-11-20 18:17:16.275322,0,110,1109,,47
304,anonymous,life that you are proud of,"By now, you should have built a life that you are proud of. Keep striving for excellence in everything you do.",,2024-11-20 18:17:16.280896,1,111,1110,public_letters/photos/0-02-03-f93fa5207cb326724cb32e21a37b52077071d70832765f2fa3694a6d8_1M4dXHV.webp,19
305,anonymous,Letters from 2024-11-18,"Dear future me, I hope you have continued to be a source of inspiration and support for those around you.",,2024-11-20 18:17:16.288656,0,112,1111,,38
306,anonymous,Letters from 2024-11-18,"Hey future self, I hope you have learned to appreciate the journey and not just focus on the destination.",,2024-11-20 18:17:16.293669,0,113,1112,,36
307,anonymous,Letters from 2024-11-18,"Future me, I hope you have continued to take risks and push yourself beyond your comfort zone.",,2024-11-20 18:17:16.300083,0,114,1113,,24
308,anonymous,stayed positive and optimistic,"Dear future self, I hope you have stayed positive and optimistic, even when faced with challenges and setbacks.",positive,2024-11-20 18:17:16.308052,1,115,1114,public_letters/photos/0-02-03-0a03a62737332a1d15a523ea48340f3d2c964151f5b5428e6ae5ff3b5c_j5NHgWW.jpg,73
309,anonymous,Letters from 2024-11-18,"Hey future me, I hope you have continued to pursue your passions and have not let fear hold you back.",,2024-11-20 18:17:16.313064,0,116,1115,,63
310,anonymous,Letters from 2024-11-18,"By now, you should have learned to appreciate the little things in life and find joy in the simple moments.",,2024-11-20 18:17:16.321257,0,117,1116,,10
311,anonymous,Letters from 2024-11-18,"Dear future me, I hope you have stayed true to yourself and have not compromised your values for anyone.",,2024-11-20 18:17:16.326613,0,118,1117,,68
312,anonymous,Keep pushing your boundaries.,"Hey future self, I hope you have continued to grow and evolve as a person. Keep pushing your boundaries.",,2024-11-20 18:17:16.333298,1,119,1118,public_letters/photos/0-02-03-000e52f01066638b3fadc2cd7e210c01d6e43dc919a8f1f20c8bbadd4e_Y8ZhA1J.jpg,33
313,anonymous,Letters from 2024-11-18,"Future me, I hope you have taken the time to appreciate the beauty in everyday life. Slow down and enjoy the moment.",,2024-11-20 18:17:16.338394,0,120,1119,,41
314,anonymous,Letters from 2024-11-18,"Dear future self, I hope you have continued to be generous and give back to your community.",,2024-11-20 18:17:16.344850,0,121,1120,,36
315,anonymous,Letters from 2024-11-18,"Hey future me, I hope you have remained optimistic and positive, even when faced with challenges.",,2024-11-20 18:17:16.350754,0,122,1121,,45
316,anonymous,Letters from 2024-11-18,"By now, you should have a wealth of experiences and stories to tell. Share your journey with others.",,2024-11-20 18:17:16.358754,0,123,1122,,7
317,anonymous,Letters from 2024-11-18,"Dear future me, I hope you have found true happiness and contentment in whatever you are doing.",,2024-11-20 18:17:16.364225,0,124,1123,,39
318,anonymous,Letters from 2024-11-18,"Hey future self, I hope you have surrounded yourself with positive and inspiring people who lift you up.",,2024-11-20 18:17:16.370700,0,125,1124,,72
319,anonymous,Letters from 2024-11-18,"Future me, I hope you have continued to pursue your passions and never settled for less than what you deserve.",,2024-11-20 18:17:16.376710,0,126,1125,,43
320,anonymous,Letters from 2024-11-18,"Dear future self, I hope you have stayed curious and always sought to learn more about the world around you.",,2024-11-20 18:17:16.381043,0,127,1126,,54
321,anonymous,Letters from 2024-11-18,"Hey future me, I hope you have continued to grow and evolve as a person. Keep pushing your boundaries.",,2024-11-20 18:17:16.388255,0,128,1127,,10
322,anonymous,Letters from 2024-11-18,"By now, you should have achieved some of your biggest dreams. Don't stop there, keep aiming higher.",,2024-11-20 18:17:16.394270,0,129,1128,,57
323,anonymous,Letters from 2024-11-18,"Dear future me, I hope you have maintained your sense of humor and continue to find joy in the little things.",,2024-11-20 18:17:16.401750,0,130,1129,,70
324,anonymous,Letters from 2024-11-18,"Hey future self, I hope you have stayed true to yourself and have not let others' opinions sway you.",,2024-11-20 18:17:16.406568,0,131,1130,,31
325,anonymous,Letters from 2024-11-18,"Future me, I hope you have found peace and tranquility in your life. Take time to relax and recharge.",,2024-11-20 18:17:16.412302,0,132,1131,,51
326,anonymous,Letters from 2024-11-18,"Dear future self, I hope you have continued to be a good friend and have supported those around you.",,2024-11-20 18:17:16.419470,0,133,1132,,21
327,anonymous,Letters from 2024-11-18,"Hey future me, I hope you have achieved the work-life balance you always wanted. Take care of yourself.",,2024-11-20 18:17:16.425293,0,134,1133,,19
328,anonymous,Letters from 2024-11-18,"By now, you should have learned to let go of what doesn't serve you and embraced what truly makes you happy.",,2024-11-20 18:17:16.433271,0,135,1134,,28
329,anonymous,Letters from 2024-11-18,"Dear future me, I hope you have stayed resilient and strong in the face of adversity. Keep moving forward.",,2024-11-20 18:17:16.441355,0,136,1135,,22
330,anonymous,Letters from 2024-11-18,"Hey future self, I hope you have continued to nurture your creative side and pursued artistic endeavors.",,2024-11-20 18:17:16.446377,0,137,1136,,18
331,anonymous,Letters from 2024-11-18,"Future me, I hope you have taken the time to explore new interests and have not been afraid to try new things.",,2024-11-20 18:17:16.456559,0,138,1137,,38
332,anonymous,Letters from 2024-11-18,"Dear future self, I hope you have stayed patient and kind, even when things don't go as planned.",,2024-11-20 18:17:16.463418,0,139,1138,,54
333,anonymous,Letters from 2024-11-18,"Hey future me, I hope you have found true love and are surrounded by people who genuinely care for you.",,2024-11-20 18:17:16.471836,0,140,1139,,57
334,anonymous,Letters from 2024-11-18,"By now, you should have made significant strides in your personal growth. Keep evolving and improving.",,2024-11-20 18:17:16.476853,0,141,1140,,5
335,anonymous,Letters from 2024-11-18,"Dear future me, I hope you have continued to practice gratitude and appreciate the small joys in life.",,2024-11-20 18:17:16.487510,0,142,1141,,21
336,anonymous,Letters from 2024-11-18,"Hey future self, I hope you have stayed focused and determined, even when faced with obstacles.",,2024-11-20 18:17:16.494912,0,143,1142,,7
337,anonymous,Letters from 2024-11-18,"Future me, I hope you have found fulfillment in your career and are proud of the work you do.",,2024-11-20 18:17:16.503393,0,144,1143,,66
338,anonymous,Letters from 2024-11-18,"Dear future self, I hope you have learned to forgive and let go of past grievances. Focus on the present.",,2024-11-20 18:17:16.509414,0,145,1144,,58
339,anonymous,Letters from 2024-11-18,"Hey future me, I hope you have stayed adventurous and never stopped exploring the world around you.",,2024-11-20 18:17:16.516494,0,146,1145,,44
340,anonymous,Letters from 2024-11-18,"By now, you should have a wealth of knowledge and experience. Share your wisdom with those who need it.",,2024-11-20 18:17:16.521430,0,147,1146,,52
341,anonymous,Letters from 2024-11-18,"Dear future me, I hope you have stayed grounded and never lost sight of what truly matters to you.",,2024-11-20 18:17:16.530891,0,148,1147,,36
342,anonymous,Letters from 2024-11-18,"Hey future self, I hope you have continued to be compassionate and empathetic towards others.",,2024-11-20 18:17:16.533273,0,149,1148,,59
343,anonymous,Letters from 2024-11-18,"Future me, I hope you have taken the time to reflect on your journey and appreciate how far you've come.",,2024-11-20 18:17:16.545109,0,150,1149,,69
344,anonymous,Letters from 2024-11-18,"Dear future me, I hope you have found the strength to overcome your fears and have embraced new challenges. I believe in you and your potential.",,2024-11-20 18:17:16.549923,0,151,1151,,63
345,anonymous,Letters from 2024-11-18,"Hey future self, I hope you have maintained your passion for learning and have not let setbacks deter you from your goals. Keep pushing forward.",,2024-11-20 18:17:16.558195,0,152,1152,,52
346,anonymous,Letters from 2024-11-18,"Future me, I hope you have found a balance between work and play. Don't forget to take care of your mental and physical health.",,2024-11-20 18:17:16.564235,0,153,1153,,37
347,user1154,Letters from 2024-11-18,"Dear future self, I hope you have continued to grow and evolve as a person. Remember to always be kind to yourself and others.",,2024-11-20 18:17:16.566528,0,154,1154,,65
348,anonymous,Letters from 2024-11-18,"Hey future me, I hope you have found joy and fulfillment in your career. Keep striving for excellence and never settle for mediocrity.",,2024-11-20 18:17:16.605442,0,155,1155,,54
349,user1156,Letters from 2024-11-18,"Future me, I hope you have learned to let go of the past and live in the present. Embrace each moment and make the most of it.",,2024-11-20 18:17:16.616610,0,156,1156,,9
350,user1157,Letters from 2024-11-18,"Dear future self, I hope you have stayed true to your values and have not compromised on what is important to you. Stay strong and keep moving forward.",,2024-11-20 18:17:16.633459,0,157,1157,,56
351,anonymous,Letters from 2024-11-18,"Hey future me, I hope you have continued to pursue your passions and have not let fear hold you back. Keep pushing your boundaries.",,2024-11-20 18:17:16.633459,0,158,1158,,39
352,user1159,Letters from 2024-11-18,"Future me, I hope you have taken the time to appreciate the beauty in everyday life. Slow down and enjoy the moment.",,2024-11-20 18:17:16.650184,0,159,1159,,8
353,user1160,Letters from 2024-11-18,"Dear future self, I hope you have continued to be generous and give back to your community. Your kindness will make a difference.",,2024-11-20 18:17:16.662108,0,160,1160,,50
354,anonymous,Letters from 2024-11-18,"Hey future me, I hope you have remained optimistic and positive, even when faced with challenges. Keep your head up and keep going.",,2024-11-20 18:17:16.666398,0,161,1161,,70
355,user1162,wealth of experiences,"By now, you should have a wealth of experiences and stories to tell. Share your journey with others and inspire them.",,2024-11-20 18:17:16.674122,0,162,1162,public_letters/photos/0-02-03-0a1a5ee08ff57d7534389df7f7653da7b716de6291bca0da728da953fc_NDsncQL.png,68
356,user1163,Letters from 2024-11-18,"Dear future me, I hope you have found true happiness and contentment in whatever you are doing. Stay positive and keep smiling.",,2024-11-20 18:17:16.679109,0,163,1163,,72
357,anonymous,Letters from 2024-11-18,"Hey future self, I hope you have surrounded yourself with positive and inspiring people who lift you up. Stay connected with loved ones.",,2024-11-20 18:17:16.686045,0,164,1164,,54
358,user1165,Letters from 2024-11-18,"Future me, I hope you have continued to pursue your dreams and never settled for less than what you deserve. Keep reaching for the stars.",,2024-11-20 18:17:16.690632,0,165,1165,,20
359,user1166,Letters from 2024-11-18,"Dear future self, I hope you have stayed curious and always sought to learn more about the world around you. Keep exploring and discovering.",,2024-11-20 18:17:16.692649,0,166,1166,,38
360,anonymous,Letters from 2024-11-18,"Hey future me, I hope you have continued to grow and evolve as a person. Keep pushing your boundaries and striving for self-improvement.",,2024-11-20 18:17:16.703419,0,167,1167,,69
361,user1168,Letters from 2024-11-18,"By now, you should have achieved some of your biggest dreams. Don't stop there, keep aiming higher and pursuing your goals.",,2024-11-20 18:17:16.707419,0,168,1168,,27
362,user1169,Letters from 2024-11-18,"Dear future me, I hope you have maintained your sense of humor and continue to find joy in the little things. Stay happy and keep laughing.",,2024-11-20 18:17:16.707419,0,169,1169,,35
363,anonymous,Letters from 2024-11-18,"Hey future self, I hope you have stayed true to yourself and have not let others' opinions sway you. Stay strong and confident.",,2024-11-20 18:17:16.719209,0,170,1170,,37
364,anonymous,Letters from 2024-11-18,"Future me, I hope you have found peace and tranquility in your life. Take time to relax and recharge. Self-care is important.",,2024-11-20 18:17:16.723925,0,171,1171,,55
365,anonymous,Letters from 2024-11-18,"Dear future self, I hope you have continued to be a good friend and have supported those around you. Your kindness makes a difference.",,2024-11-20 18:17:16.725942,0,172,1172,,7
366,anonymous,Letters from 2024-11-18,"Hey future me, I hope you have achieved the work-life balance you always wanted. Take care of yourself and enjoy your life.",,2024-11-20 18:17:16.735504,0,173,1173,,55
367,anonymous,Letters from 2024-11-18,"By now, you should have learned to let go of what doesn't serve you and embraced what truly makes you happy. Stay positive and keep growing.",,2024-11-20 18:17:16.740242,0,174,1174,,48
368,anonymous,Letters from 2024-11-18,"Dear future me, I hope you have stayed resilient and strong in the face of adversity. Keep moving forward and never give up.",,2024-11-20 18:17:16.741330,0,175,1175,,58
369,anonymous,Letters from 2024-11-18,"Dear future world and me, It's just a test. So bear with me please.",,2024-11-20 18:17:16.753047,0,176,1176,,38
370,anonymous,Letters from 2024-11-18,"Dear FutureMe, Do you realise how much spam you have received because you were stoooooopid enough to sign up to this stupid bloody reminder service and they'll have sold your email address on a billion times by now. Aarrrrgh..... do you never learn! Your old self.",,2024-11-20 18:17:16.757400,0,177,1177,,24
371,anonymous,Letters from 2024-11-18,"Dear FutureMe, i'm a little bit emotional writing this to you . mostly because right now i have a lot on my shoulders, starting to work for going to the academy and getting my life together isnt that easy. i'm 17 right now, turning 18 in august . tbh i knew i wouldn't be excited to get here . everyone wants to grow up and do their big people things, and for me it feels a little overwhelimg, mostly because i have a big exam, and the last time i had one for highschool i was really dissapointed in myself, even tho in the end i am more happier in this highschool. i'm scared that i'm going to dissapoint myself again and fail, thats why i'm going to work hard and try to get where i dream. i found a way to give myself a letter for future me through some nice people that come from around the world, you'll probably remember them. life has already started for 'big me' and its not easy, sometimes it can be horrible, but with good and bad, i'm sure you that will be reading this will remember everything and be warm inside because of the memories, the highschool years and fun, all that corona drama that right now is still hapening . just hoping you won't have to take the exam while corona is still a thing .but when you will get the letter you already know that answer.do you have a license now?i hope i didn't have to take that exam too many times :)). are you still with that blonde guy that gives you butterflies everytime you see him ? does he still make you fall in love with him everyday ? or have you moved on from your first love ? all i know is that he's always going to be in your heart, no matter what happens . i want you to know that no matter what happens and where you end up, i'm proud of you , proud of all the hard work you are probably doing , and i'm sorry if me from now doesn't work hard enough for you , but i try my best . i'm also trying to improve myself, be a better person, love and get to know myself . i wonder if you have accomplished any of those, i hope you have. i love you and can't wait to hear all the answers . i hope that i will not be so scared of the future anymore. hope everything will be a little clearer for future me . kisses from january 2021 me",,2024-11-20 18:17:16.766543,0,178,1178,,50
372,anonymous,Letters from 2024-11-18,"Dear FutureMe, Women, well, they are... impossible, don't waste your time, dont marry them, dont spend money on them, just **** them, thats all it comes down too. If your still doing this in your 38 years of existance, well, to be frank, your the man... and if your doing this to more than five women a month, you wear the serious bling, and own your own plastic surgery clinic, and have the mintest milf receptionist, im goin 2 hav 2 say your the greatest man it the world... oh... and your going to be priminister too, if your not, i hope you are rootin at least 20 women a month... and show clinton how those interns are really done. Cheer bo H",,2024-11-20 18:17:16.775996,0,179,1179,,46
373,anonymous,Letters from 2024-11-18,"Dear FutureMe, Did you go Space Yet or what? get off your butt and go bounce on the moon -what the hell is keeping you - too expensive? You need some space buddies. Aliens land yet? - did you get their help go to Space and fly around Mars. Because you know you needed them damn pesky aliens to come down and whisk you off. NASA have their thumb up their ass and deny any real leaps in technology.They still Bullshitting people?? If you did go - How was it? Dark and Spacey hey.. thats what I thought. did you take some pictures with some new kind of 3D Camera. Good job -I will start looking forward to it now. Later Space Cadet. (Happy Birthday by the way)",,2024-11-20 18:17:16.781076,0,180,1180,,34
374,anonymous,Letters from 2024-11-18,"Dear FutureMe, God is in control. He will help you through this. Fight from victory, be kind and seek God above all!",,2024-11-20 18:17:16.787742,0,181,1181,,67
375,user1182,Letters from 2024-11-18,"Dear Spencer, You may or may not still be working within the corporate world. It's only been my fourth day at the office but its quite a lot to adjust to. The whole 9-5, American dream. We've always been conflicted within ourself. Of who we are, what we think we are supposed to do that makes us happy. Who others want to us to be. What we the world and society tells us we are supposed to be and who and what is within the bounds of our dreams. When you are reading this, I want you to ask yourself. Are you happy? Are you on the right path that is leading you to your best life? Your best self? The dream you wanted? The man you were meant to be? If you still find yourself lost with the world, please, promise me. Promise yourself, that you will make the change. To do what is necessary to put you on your path. It is never too late to change. I love you with everything that I am, no matter what. You deserve to be happy. You deserve to be the best version of yourself. Love yourself. Love, Spencer",,2024-11-20 18:17:16.792728,0,182,1182,,35
376,user1183,Letters from 2024-11-18,"Dear Spencer, You may or may not still be working within the corporate world. It's only been my fourth day at the office but its quite a lot to adjust to. The whole 9-5, American dream. We've always been conflicted within ourself. Of who we are, what we think we are supposed to do that makes us happy. Who others want to us to be. What we the world and society tells us we are supposed to be and who and what is within the bounds of our dreams. When you are reading this, I want you to ask yourself. Are you happy? Are you on the right path that is leading you to your best life? Your best self? The dream you wanted? The man you were meant to be? If you still find yourself lost with the world, please, promise me. Promise yourself, that you will make the change. To do what is necessary to put you on your path. It is never too late to change. I love you with everything that I am, no matter what. You deserve to be happy. You deserve to be the best version of yourself. Love yourself. Love, Spencer",,2024-11-20 18:17:16.798883,0,183,1183,,23
377,anonymous,I hope that in the future there will be,"Dear FutureMe, Hello I hope that in the future there will be no bullying. And people will stand up to bullies. I can be an up stander by standing up to bullies. I hope that. I can be an upstander by the time this letter is delivered. And I will uphold the resolution of respect that way.",,2024-11-20 18:17:16.805916,1,184,1184,public_letters/photos/0-02-03-008c6278013930c149014e1781e7b87ef0d77ab0d16a6c247e309b097_boTb2OF.webp,20
378,anonymous,hopefully you committed to something,"Dear FutureMe, Hopefully, you're a better version of yourself 10 years from writing this. That you're happy with where you are and what you do, that you've changed for better and you can do something and call yourself something that you're proud of. That you have your life together and you're happy. Maybe you will look physically different and have a different attitude and view on life. Will you stick to your plan or will you take a different path. hopefully you committed to something and got out of your comfort zone and you're proud of yourself.",,2024-11-20 18:17:16.810904,1,185,1185,public_letters/photos/0-02-03-e0c383498a92b77d92f87b46897599075e99fbf03848166602102cb27c_CMScfpb.png,21
379,anonymous,The moment that you read this message,"Dear FutureMe, I am very proud of you! You are very much different now. You are already accepting your mistakes, accepting what you lack and giving more than what you receive. I hope this will not end here. The moment that you read this message, hopefully you are already happy with your life and you are living the life together with the person that you love the most. I want to see you with Ariel still. Godbless on your following Journey!",positive,2024-11-20 18:17:16.819322,1,186,1186,public_letters/photos/0-02-03-ef4ecde6aee242180af70295758c284771b77171f49101dece174e664_onk8S98.webp,18
380,anonymous,congratulations on this five-year journey,"Dear FutureMe, Hi. when you read this letter, that means you have made it through the hard days you feared. congratulations on this five-year journey. I'm sure your success today is the success you want.",positive,2024-11-20 18:17:16.825204,1,187,1187,public_letters/photos/0-02-03-ef4ecde6aee242180af70295758c284771b77171f49101dece174e664_qqYs3CH.webp,60
381,anonymous,10 years from now and u have someone,"Dear FutureMe, I never dream of what is the best for me , but allow me to open this. I hope that u get a successful life that u deserve 10 years from now and u have someone that could possibly bring an unexpected joy and peace to your little life. The one u could not ask for but gives what u really deserve and treats u of what like a woman is someone to be treated. I know , it is hard to make up that one , but keep always in mind that yourself is the one who making the future u wish for. I hope the most and best for you.",positive,2024-11-20 18:17:16.831610,1,188,1188,public_letters/photos/0-02-03-e0c383498a92b77d92f87b46897599075e99fbf03848166602102cb27c_Fw97Xqw.png,42
382,anonymous,Crowding around the dinner table,"Dear FutureMe, I hope whatever or wherever you are you learn to make peace with yourself. I hope you are strong enough to tell me that I am wrong for believing that you'll never have a place. I hope you find yourself sitting or crowding around the dinner table and not retreating back into a corner . I hope you're feeling comfortable with telling your feelings and calling first your family when you feel suffocated. I hope you don't see yourself as nothing anymore.",family,2024-11-20 18:17:16.837743,1,189,1189,public_letters/photos/0-02-03-f0177121dc51508b8b8d8fd3cc577ddebccea2fedd18d5d82055032a2_u2nRx6F.webp,13
383,anonymous,I did this just for the sole reason,"Dear future me, I saw this idea on TikTok and thought this would be a wonderful thing to do. I set this up to receive three years into the future. I did this just for the sole reason that I will *hopefully* be officially graduated from law school! I am sure it was one crazy ride to get to where I am, but it will definitely be worth it. I have always dreamed of this moment, always dreamed of becoming a lawyer, always dreamed of being so successful it just does not feel real. I hope we are still with Max, he is one amazing soul. I love everything about him, but I especially love his mind. He is so dang smart its actually crazy and just so so so kind and compassionate and has the same goal and mindset. He definitely keeps me grounded and pulls me back down to earth, especially when my Pisces/Aquarius mind goes dreaming again. But it is good to have dreams, it is good to imagine. I hope everyone in the family is doing well. Three years seems so far away but also so close. So much can happen in three years, good and bad, ugly and beautiful. I know Paps may not be around, that would be asking a lot, but if he is, man I am so gratefully to have spent so much time with him that I did. Same goes with Nans. Paps was really her great love, and we just cannot see her without him. (btw I'm crying writing this so you will probably be bawling reading this). Bunzy should be graduated from college and probably opened up Spuds like he has talked about so much. Mom better be retired and same with Pants. They do everything for me, and probably went above and beyond while I was in law school. Mom is my best friend and there is no doubt in my mind she will be my best friend forever. Although I really love children, I really hope to not have any or have any on the way in three years, give it three more years and then start having children. Maybe be a fur mom to many little kitties running around? And of course be married first, *hopefully* it will be to my beloved Max. Some days will definitely be harder than others, but push through. Really think and work hard and push. Nothing will come easy, everything is priced and I will have to earn it. I really hope I never lost my empathy, open-mindedness, kindness and big heart during these three years. Please do not lose sight on the bigger picture; success. Success not only in school, life and work, but in friends, family and love. Work hard, do not get played and love yourself. Many, many people are counting on you, you are counting on you. Trust me, this life is everything and more.",,2024-11-20 18:17:16.844742,1,190,1190,public_letters/photos/0-02-03-ef4ecde6aee242180af70295758c284771b77171f49101dece174e664_EK1WN3A.webp,9
384,anonymous,world outside is empty,"Dear FutureMe, It's been 2 months since we went into lockdown. The world outside is empty. Tumbleweeds blow through Time Square. The Sidney opera house is silent. The Mona Lisa has to make do with small snippets of attention from a passing security guard who, frankly, isn't convinced she's all that. The only places still bustling are Intensive Care Units. We still don't know when it's all going to end, and my anxiety is mounting. I'm almost paralysed by it. It's impossible to know how much of my fear is altruistic... a kind of existential pain for a world that's suffering. The truth is, I think, that most of my anxiety is shallow, selfish. I'm upset I can't hug my mum, that she's in another country and it could be months, even a year, before I get to see her again. I'm worried that I'm too stupid or lazy to complete my dissertation. My Masters degree hangs in the balance. Complexities surrounding placements and Coronavirus mean that it could be another year before I'm qualified, and this uncertainty panics me. Beneath that is a fear that I'm not sure I even want to be qualified, and that beginning a career in the health service currently feels wholly overwhelming. In a way, the millions of ill and dead and destitute and abused show the folly of my petty worries. My privilege, my luck, to be young and healthy and pursuing a post graduate degree. But the fear still remains, a panic that my body can't forget no matter what my mind tries. I try to forgive myself, because I am unwell. Mental illness is a part of my story. Fear, dread, depression. Sometimes I find myself unable to move. Sometimes it turns into pain, nausea, fever, like my mind is overflowing and poisoning my body. But I meditate, and I breath through it, and I try to live a life that makes sense, that isn't about staying safe. I'm in love too. He squeezes me tight when it all gets to much. He moors me to the surface of the earth so I don't float away. He's something physical to touch. Something beyond the anxious uncertainty of social media with its unread messages and ambiguous emojis. I'm 24 next week. There's something to that. There's something powerful about knowing that time is still passing even as we're all standing still. I enjoy my birthdays. I'll drink champagne, and eat cake. I'll open gifts. I celebrate being as loved as I am. Being young, and beautiful, and being in love with a handsome man who fully embraces even my defects. I won't ask you any questions, future me, even though I have many. I'm sure I know all that I need to. I hope that you still meditate. I hope you are still in love. I hope you are filled with gratitude when you hug your mum. I suppose I am writing to remind myself that there is a future. Now, more than ever, glib remarks about apocalypse and the inevitability of death have become commonplace. It feels as if this virus has turned us all into Nihilists. But I believe in survival, kindness, and the human spirit. And I believe in you. Best Wishes, future you. xx",inspiration,2024-11-20 18:17:16.849857,1,191,1191,public_letters/photos/0-02-03-e0c383498a92b77d92f87b46897599075e99fbf03848166602102cb27c_P4QHHNJ.png,54
385,anonymous,Letters from 2024-11-18,"Dear FutureMe, keep on going even if it's hard",,2024-11-20 18:17:16.859251,0,192,1192,,33
386,Anonymous,To become who you want to be,"Dear FutureMe, To become who you want to be you have to let go of who you are. Be better. Be inspired. Put that back out into the world. Let your mind flow unrestrained by physical circumstance. Don?t forget to think. With love, your better half",Motivation,2024-11-20 18:17:16.865290,1,193,1193,public_letters/photos/0-02-03-008c6278013930c149014e1781e7b87ef0d77ab0d16a6c247e309b097_hEUKAEP.webp,25
387,Anonymous,,"hi future, i am rich i am rich. i am going to be richest person of the world. i am billionaire, i am trillionaire. i am beautiful.",,2024-12-05 02:43:54.598333,0,202,,,8
388,Kristu,,hi i am kristu panta lallalal,,2024-12-05 03:22:25.710904,0,203,1196,,73
389,Kristu,,hi i am kristu panta lallalal,,2024-12-05 03:25:16.418867,0,204,1196,,49
390,Kristu,,i Write so many letter but nothing is scheduled. why is this not working,,2024-12-05 03:31:56.892085,0,205,1196,,27
391,Kristu,This is the kristu panta,hi my name is kristu panta panta panta,,2024-12-05 03:35:40.977014,0,206,1196,public_letters/photos/0-02-03-1bf16731e990a516f6b11b1659d5b04ab1af858f357dd6ad2c0c0e6602_aaclvIE.jpg,54
392,Deepshova Karki,Deepshova wants to be rich,Such a beautiful day it is. dear future me. i will already be rich when i receive this email,inspiration,2024-12-06 18:00:18.102603,0,207,1195,public_letters/photos/0-02-03-056096639e6c644beae8f709bf67c6ce708de01a7812f01bab48792709_m0dLOlv.jpg,34
393,admin,,i lvoe me,,2024-12-07 13:22:52.442205,0,208,1,,5
394,admin,,i love me,,2024-12-07 14:05:38.458990,0,209,1,,11
395,admin,,i love me,,2024-12-07 14:07:17.812558,0,210,1,,48
396,admin,,i love me,,2024-12-07 14:08:55.925635,0,211,1,,20
397,admin,,i love me,,2024-12-07 14:13:50.205385,0,212,1,,5
398,admin,,i love me,,2024-12-07 14:18:35.796749,0,213,1,,35
399,user_1092,Treat few explain.,"Important state hope alone media. Economy final result alone find lot.
Fast stock hour parent than store. Cause force shoulder course.",,2024-12-07 19:27:22.889577,0,214,93,,57
400,user1136,Plan drug Democrat break turn scene card.,"Floor create whose even. Thus green necessary nearly visit better onto.
President admit over draw. Can fish according reality.
Life officer agree never. Western including course person movement.",,2024-12-07 19:27:22.909310,0,215,1136,,73
401,scottrobinson,Bag try statement project campaign edge else.,"Professor government show. Edge owner home program deep. Weight main catch door hit natural strong.
Power short single anything. Thus us cost thing affect member. Coach evidence new.",,2024-12-07 19:27:22.933307,0,216,1237,,69
402,user_1093,Usually behavior walk teacher character.,Authority capital beyond discuss environment outside as ever. Standard new term appear evidence.,,2024-12-07 19:27:22.953667,0,217,94,,7
403,Kristu,Story us main itself team check.,Majority there world miss water mother better institution. Son who large sign trouble individual. Simple discuss someone will field model.,,2024-12-07 19:27:22.979778,0,218,1196,,42
404,user1148,Culture college whose training budget.,"Name ask and ground number. Someone black official.
Seat shake brother time tonight. Few use onto degree rise education. Early issue leader.",,2024-12-07 19:29:17.382009,0,219,1148,,22
405,user1027,Police if example send mission just.,Energy sell financial me reveal including. Season former news close. Effect identify maybe speak pattern make happen.,,2024-12-07 19:29:17.403160,0,220,1027,,68
406,user1187,Value service know area issue top space.,"Management claim quickly capital happy claim. Question old body. Production trade respond finish lose.
Growth join must yeah sing. Budget race more sense room present might.",,2024-12-07 19:29:17.424125,0,221,1187,,70
407,user_1144,Cold do safe trip behind enjoy everything.,"Those kid spend pass Congress money. Them number result both able. Return might both always final happy.
Perform project less we. Either political even because however treat.",,2024-12-07 19:29:17.445939,0,222,145,,44
408,user1104,Opportunity well forget property various character light.,"Scientist health word cost recent set produce possible. Push similar opportunity hour baby move particular many.
Break some want indeed them prepare. More question onto baby site apply.",,2024-12-07 19:29:17.470316,0,223,1104,,54
409,admin,,hi yo yo who is this,,2024-12-07 23:35:01.201980,0,224,1,,48
410,admin,,"dear future me, this is from PKD. we are a food blogger",,2024-12-07 23:47:51.504715,0,194,1,,50
411,admin,,"dear future me, this is from PKD. we are a food blogger",,2024-12-07 23:47:55.158112,0,195,1,,53
412,admin,,"dear future me, this is from PKD. we are a food blogger",,2024-12-07 23:47:58.578580,0,196,1,,70
413,admin,,"dear future me, this is from PKD. we are a food blogger",,2024-12-07 23:48:02.001705,0,197,1,,69
414,admin,,"dear future me, this is from PKD. we are a food blogger",,2024-12-07 23:48:05.446771,0,198,1,,19
415,admin,,"dear future me, this is from PKD. we are a food blogger",,2024-12-07 23:48:08.888141,0,199,1,,68
416,admin,,hi future self i love that you are growing,,2024-12-07 23:48:12.224231,0,200,1,,75
417,admin,,hi future self i love that you are growing,,2024-12-07 23:48:15.623947,0,201,1,,63
418,admin,,fbdgh,,2024-12-07 23:49:34.373600,0,225,1,,58
419,Deepshova Karki,,hiii futureme,,2024-12-08 05:40:13.827975,0,226,1195,,19
420,User_2,Letter to FutureMe #2,Shared by User_2. Here's a letter reflecting hopes and dreams.,"future,self-reflection,inspiration",2025-01-14 17:39:49.040035,1,227,2,,23
421,User_3,Letter to FutureMe #3,Shared by User_3. Here's a letter reflecting hopes and dreams.,"future,self-reflection,inspiration",2025-01-14 17:39:49.040035,1,228,3,,32
422,User_4,Letter to FutureMe #4,Shared by User_4. Here's a letter reflecting hopes and dreams.,"future,self-reflection,inspiration",2025-01-14 17:39:49.040035,1,229,4,,44
423,User_5,Letter to FutureMe #5,Shared by User_5. Here's a letter reflecting hopes and dreams.,"future,self-reflection,inspiration",2025-01-14 17:39:49.040035,1,230,5,,12
424,User_6,Letter to FutureMe #6,Shared by User_6. Here's a letter reflecting hopes and dreams.,"future,self-reflection,inspiration",2025-01-14 17:39:49.040035,1,231,6,,59
425,User_7,Letter to FutureMe #7,Shared by User_7. Here's a letter reflecting hopes and dreams.,"future,self-reflection,inspiration",2025-01-14 17:39:49.040035,1,232,7,,62
426,User_8,Letter to FutureMe #8,Shared by User_8. Here's a letter reflecting hopes and dreams.,"future,self-reflection,inspiration",2025-01-14 17:39:49.040035,1,233,8,,64
427,User_9,Letter to FutureMe #9,Shared by User_9. Here's a letter reflecting hopes and dreams.,"future,self-reflection,inspiration",2025-01-14 17:39:49.040035,1,234,9,,12
428,User_10,Letter to FutureMe #10,Shared by User_10. Here's a letter reflecting hopes and dreams.,"future,self-reflection,inspiration",2025-01-14 17:39:49.040035,1,235,10,,69
429,User_11,Letter to FutureMe #11,Shared by User_11. Here's a letter reflecting hopes and dreams.,"future,self-reflection,inspiration",2025-01-14 17:39:49.040035,1,236,11,,49
430,User_12,Letter to FutureMe #12,Shared by User_12. Here's a letter reflecting hopes and dreams.,"future,self-reflection,inspiration",2025-01-14 17:39:49.040035,1,237,12,,68
431,User_13,Letter to FutureMe #13,Shared by User_13. Here's a letter reflecting hopes and dreams.,"future,self-reflection,inspiration",2025-01-14 17:39:49.040035,1,238,13,,7
432,User_14,Letter to FutureMe #14,Shared by User_14. Here's a letter reflecting hopes and dreams.,"future,self-reflection,inspiration",2025-01-14 17:39:49.040035,1,239,14,,25
433,User_15,Letter to FutureMe #15,Shared by User_15. Here's a letter reflecting hopes and dreams.,"future,self-reflection,inspiration",2025-01-14 17:39:49.040035,1,240,15,,51
434,User_16,Letter to FutureMe #16,Shared by User_16. Here's a letter reflecting hopes and dreams.,"future,self-reflection,inspiration",2025-01-14 17:39:49.040035,1,241,16,,61
435,User_17,Letter to FutureMe #17,Shared by User_17. Here's a letter reflecting hopes and dreams.,"future,self-reflection,inspiration",2025-01-14 17:39:49.040035,1,242,17,,50
436,User_18,Letter to FutureMe #18,Shared by User_18. Here's a letter reflecting hopes and dreams.,"future,self-reflection,inspiration",2025-01-14 17:39:49.040035,1,243,18,,68
437,User_19,Letter to FutureMe #19,Shared by User_19. Here's a letter reflecting hopes and dreams.,"future,self-reflection,inspiration",2025-01-14 17:39:49.040035,1,244,19,,21
438,User_20,Letter to FutureMe #20,Shared by User_20. Here's a letter reflecting hopes and dreams.,"future,self-reflection,inspiration",2025-01-14 17:39:49.040035,1,245,20,,19
439,User_21,Letter to FutureMe #21,Shared by User_21. Here's a letter reflecting hopes and dreams.,"future,self-reflection,inspiration",2025-01-14 17:39:49.040035,1,246,21,,67
440,User_22,Letter to FutureMe #22,Shared by User_22. Here's a letter reflecting hopes and dreams.,"future,self-reflection,inspiration",2025-01-14 17:39:49.040035,1,247,22,,27
441,User_23,Letter to FutureMe #23,Shared by User_23. Here's a letter reflecting hopes and dreams.,"future,self-reflection,inspiration",2025-01-14 17:39:49.040035,1,248,23,,61
442,User_24,Letter to FutureMe #24,Shared by User_24. Here's a letter reflecting hopes and dreams.,"future,self-reflection,inspiration",2025-01-14 17:39:49.040035,1,249,24,,66
443,User_25,Letter to FutureMe #25,Shared by User_25. Here's a letter reflecting hopes and dreams.,"future,self-reflection,inspiration",2025-01-14 17:39:49.040035,1,250,25,,35
444,User_26,Letter to FutureMe #26,Shared by User_26. Here's a letter reflecting hopes and dreams.,"future,self-reflection,inspiration",2025-01-14 17:39:49.040035,1,251,26,,16
445,User_27,Letter to FutureMe #27,Shared by User_27. Here's a letter reflecting hopes and dreams.,"future,self-reflection,inspiration",2025-01-14 17:39:49.040035,1,252,27,,20
446,User_28,Letter to FutureMe #28,Shared by User_28. Here's a letter reflecting hopes and dreams.,"future,self-reflection,inspiration",2025-01-14 17:39:49.040035,1,253,28,,26
447,User_29,Letter to FutureMe #29,Shared by User_29. Here's a letter reflecting hopes and dreams.,"future,self-reflection,inspiration",2025-01-14 17:39:49.040035,1,254,29,,63
448,User_30,Letter to FutureMe #30,Shared by User_30. Here's a letter reflecting hopes and dreams.,"future,self-reflection,inspiration",2025-01-14 17:39:49.040035,1,255,30,,34
449,User_31,Letter to FutureMe #31,Shared by User_31. Here's a letter reflecting hopes and dreams.,"future,self-reflection,inspiration",2025-01-14 17:39:49.040035,1,256,31,,7
450,User_32,Letter to FutureMe #32,Shared by User_32. Here's a letter reflecting hopes and dreams.,"future,self-reflection,inspiration",2025-01-14 17:39:49.040035,1,257,32,,45
451,User_33,Letter to FutureMe #33,Shared by User_33. Here's a letter reflecting hopes and dreams.,"future,self-reflection,inspiration",2025-01-14 17:39:49.040035,1,258,33,,27
452,User_34,Letter to FutureMe #34,Shared by User_34. Here's a letter reflecting hopes and dreams.,"future,self-reflection,inspiration",2025-01-14 17:39:49.040035,1,259,34,,15
453,User_35,Letter to FutureMe #35,Shared by User_35. Here's a letter reflecting hopes and dreams.,"future,self-reflection,inspiration",2025-01-14 17:39:49.040035,1,260,35,,47
454,User_36,Letter to FutureMe #36,Shared by User_36. Here's a letter reflecting hopes and dreams.,"future,self-reflection,inspiration",2025-01-14 17:39:49.040035,1,261,36,,36
455,User_37,Letter to FutureMe #37,Shared by User_37. Here's a letter reflecting hopes and dreams.,"future,self-reflection,inspiration",2025-01-14 17:39:49.040035,1,262,37,,16
456,User_38,Letter to FutureMe #38,Shared by User_38. Here's a letter reflecting hopes and dreams.,"future,self-reflection,inspiration",2025-01-14 17:39:49.040035,1,263,38,,73
457,User_39,Letter to FutureMe #39,Shared by User_39. Here's a letter reflecting hopes and dreams.,"future,self-reflection,inspiration",2025-01-14 17:39:49.040035,1,264,39,,14
458,User_40,Letter to FutureMe #40,Shared by User_40. Here's a letter reflecting hopes and dreams.,"future,self-reflection,inspiration",2025-01-14 17:39:49.040035,1,265,40,,62
459,User_41,Letter to FutureMe #41,Shared by User_41. Here's a letter reflecting hopes and dreams.,"future,self-reflection,inspiration",2025-01-14 17:39:49.040035,1,266,41,,41
460,User_42,Letter to FutureMe #42,Shared by User_42. Here's a letter reflecting hopes and dreams.,"future,self-reflection,inspiration",2025-01-14 17:39:49.040035,1,267,42,,44
461,User_43,Letter to FutureMe #43,Shared by User_43. Here's a letter reflecting hopes and dreams.,"future,self-reflection,inspiration",2025-01-14 17:39:49.040035,1,268,43,,69
462,User_44,Letter to FutureMe #44,Shared by User_44. Here's a letter reflecting hopes and dreams.,"future,self-reflection,inspiration",2025-01-14 17:39:49.040035,1,269,44,,27
463,User_45,Letter to FutureMe #45,Shared by User_45. Here's a letter reflecting hopes and dreams.,"future,self-reflection,inspiration",2025-01-14 17:39:49.040035,1,270,45,,37
464,User_46,Letter to FutureMe #46,Shared by User_46. Here's a letter reflecting hopes and dreams.,"future,self-reflection,inspiration",2025-01-14 17:39:49.040035,1,271,46,,43
465,User_47,Letter to FutureMe #47,Shared by User_47. Here's a letter reflecting hopes and dreams.,"future,self-reflection,inspiration",2025-01-14 17:39:49.040035,1,272,47,,69
466,User_48,Letter to FutureMe #48,Shared by User_48. Here's a letter reflecting hopes and dreams.,"future,self-reflection,inspiration",2025-01-14 17:39:49.040035,1,273,48,,52
467,User_49,Letter to FutureMe #49,Shared by User_49. Here's a letter reflecting hopes and dreams.,"future,self-reflection,inspiration",2025-01-14 17:39:49.040035,1,274,49,,30
468,User_50,Letter to FutureMe #50,Shared by User_50. Here's a letter reflecting hopes and dreams.,"future,self-reflection,inspiration",2025-01-14 17:39:49.040035,1,275,50,,47
469,User_51,Letter to FutureMe #51,Shared by User_51. Here's a letter reflecting hopes and dreams.,"future,self-reflection,inspiration",2025-01-14 17:39:49.040035,1,276,51,,52
470,User_52,Letter to FutureMe #52,Shared by User_52. Here's a letter reflecting hopes and dreams.,"future,self-reflection,inspiration",2025-01-14 17:39:49.040035,1,277,52,,20
471,User_53,Letter to FutureMe #53,Shared by User_53. Here's a letter reflecting hopes and dreams.,"future,self-reflection,inspiration",2025-01-14 17:39:49.040035,1,278,53,,21
472,User_54,Letter to FutureMe #54,Shared by User_54. Here's a letter reflecting hopes and dreams.,"future,self-reflection,inspiration",2025-01-14 17:39:49.040035,1,279,54,,17
473,User_55,Letter to FutureMe #55,Shared by User_55. Here's a letter reflecting hopes and dreams.,"future,self-reflection,inspiration",2025-01-14 17:39:49.040035,1,280,55,,39
474,User_56,Letter to FutureMe #56,Shared by User_56. Here's a letter reflecting hopes and dreams.,"future,self-reflection,inspiration",2025-01-14 17:39:49.040035,1,281,56,,13
475,User_57,Letter to FutureMe #57,Shared by User_57. Here's a letter reflecting hopes and dreams.,"future,self-reflection,inspiration",2025-01-14 17:39:49.040035,1,282,57,,12
476,User_58,Letter to FutureMe #58,Shared by User_58. Here's a letter reflecting hopes and dreams.,"future,self-reflection,inspiration",2025-01-14 17:39:49.040035,1,283,58,,65
477,User_59,Letter to FutureMe #59,Shared by User_59. Here's a letter reflecting hopes and dreams.,"future,self-reflection,inspiration",2025-01-14 17:39:49.055653,1,284,59,,10
478,User_60,Letter to FutureMe #60,Shared by User_60. Here's a letter reflecting hopes and dreams.,"future,self-reflection,inspiration",2025-01-14 17:39:49.055653,1,285,60,,25
479,User_61,Letter to FutureMe #61,Shared by User_61. Here's a letter reflecting hopes and dreams.,"future,self-reflection,inspiration",2025-01-14 17:39:49.055653,1,286,61,,21
480,User_62,Letter to FutureMe #62,Shared by User_62. Here's a letter reflecting hopes and dreams.,"future,self-reflection,inspiration",2025-01-14 17:39:49.055653,1,287,62,,74
481,User_63,Letter to FutureMe #63,Shared by User_63. Here's a letter reflecting hopes and dreams.,"future,self-reflection,inspiration",2025-01-14 17:39:49.055653,1,288,63,,67
482,User_64,Letter to FutureMe #64,Shared by User_64. Here's a letter reflecting hopes and dreams.,"future,self-reflection,inspiration",2025-01-14 17:39:49.055653,1,289,64,,52
483,User_65,Letter to FutureMe #65,Shared by User_65. Here's a letter reflecting hopes and dreams.,"future,self-reflection,inspiration",2025-01-14 17:39:49.055653,1,290,65,,27
484,User_66,Letter to FutureMe #66,Shared by User_66. Here's a letter reflecting hopes and dreams.,"future,self-reflection,inspiration",2025-01-14 17:39:49.055653,1,291,66,,34
485,User_67,Letter to FutureMe #67,Shared by User_67. Here's a letter reflecting hopes and dreams.,"future,self-reflection,inspiration",2025-01-14 17:39:49.055653,1,292,67,,31
486,User_68,Letter to FutureMe #68,Shared by User_68. Here's a letter reflecting hopes and dreams.,"future,self-reflection,inspiration",2025-01-14 17:39:49.055653,1,293,68,,68
487,User_69,Letter to FutureMe #69,Shared by User_69. Here's a letter reflecting hopes and dreams.,"future,self-reflection,inspiration",2025-01-14 17:39:49.055653,1,294,69,,74
488,User_70,Letter to FutureMe #70,Shared by User_70. Here's a letter reflecting hopes and dreams.,"future,self-reflection,inspiration",2025-01-14 17:39:49.055653,1,295,70,,39
489,User_71,Letter to FutureMe #71,Shared by User_71. Here's a letter reflecting hopes and dreams.,"future,self-reflection,inspiration",2025-01-14 17:39:49.055653,1,296,71,,48
490,User_72,Letter to FutureMe #72,Shared by User_72. Here's a letter reflecting hopes and dreams.,"future,self-reflection,inspiration",2025-01-14 17:39:49.055653,1,297,72,,39
491,User_73,Letter to FutureMe #73,Shared by User_73. Here's a letter reflecting hopes and dreams.,"future,self-reflection,inspiration",2025-01-14 17:39:49.055653,1,298,73,,38
492,User_74,Letter to FutureMe #74,Shared by User_74. Here's a letter reflecting hopes and dreams.,"future,self-reflection,inspiration",2025-01-14 17:39:49.055653,1,299,74,,53
493,User_75,Letter to FutureMe #75,Shared by User_75. Here's a letter reflecting hopes and dreams.,"future,self-reflection,inspiration",2025-01-14 17:39:49.055653,1,300,75,,37
494,User_76,Letter to FutureMe #76,Shared by User_76. Here's a letter reflecting hopes and dreams.,"future,self-reflection,inspiration",2025-01-14 17:39:49.055653,1,301,76,,28
495,User_77,Letter to FutureMe #77,Shared by User_77. Here's a letter reflecting hopes and dreams.,"future,self-reflection,inspiration",2025-01-14 17:39:49.055653,1,302,77,,71
496,User_78,Letter to FutureMe #78,Shared by User_78. Here's a letter reflecting hopes and dreams.,"future,self-reflection,inspiration",2025-01-14 17:39:49.055653,1,303,78,,63
497,User_79,Letter to FutureMe #79,Shared by User_79. Here's a letter reflecting hopes and dreams.,"future,self-reflection,inspiration",2025-01-14 17:39:49.055653,1,304,79,,71
498,User_80,Letter to FutureMe #80,Shared by User_80. Here's a letter reflecting hopes and dreams.,"future,self-reflection,inspiration",2025-01-14 17:39:49.055653,1,305,80,,52
499,User_81,Letter to FutureMe #81,Shared by User_81. Here's a letter reflecting hopes and dreams.,"future,self-reflection,inspiration",2025-01-14 17:39:49.055653,1,306,81,,8
500,User_82,Letter to FutureMe #82,Shared by User_82. Here's a letter reflecting hopes and dreams.,"future,self-reflection,inspiration",2025-01-14 17:39:49.055653,1,307,82,,56
501,User_83,Letter to FutureMe #83,Shared by User_83. Here's a letter reflecting hopes and dreams.,"future,self-reflection,inspiration",2025-01-14 17:39:49.055653,1,308,83,,42
502,User_84,Letter to FutureMe #84,Shared by User_84. Here's a letter reflecting hopes and dreams.,"future,self-reflection,inspiration",2025-01-14 17:39:49.055653,1,309,84,,5
503,User_85,Letter to FutureMe #85,Shared by User_85. Here's a letter reflecting hopes and dreams.,"future,self-reflection,inspiration",2025-01-14 17:39:49.055653,1,310,85,,53
504,User_86,Letter to FutureMe #86,Shared by User_86. Here's a letter reflecting hopes and dreams.,"future,self-reflection,inspiration",2025-01-14 17:39:49.055653,1,311,86,,9
505,User_87,Letter to FutureMe #87,Shared by User_87. Here's a letter reflecting hopes and dreams.,"future,self-reflection,inspiration",2025-01-14 17:39:49.055653,1,312,87,,21
506,User_88,Letter to FutureMe #88,Shared by User_88. Here's a letter reflecting hopes and dreams.,"future,self-reflection,inspiration",2025-01-14 17:39:49.055653,1,313,88,,35
507,User_89,Letter to FutureMe #89,Shared by User_89. Here's a letter reflecting hopes and dreams.,"future,self-reflection,inspiration",2025-01-14 17:39:49.055653,1,314,89,,59
508,User_90,Letter to FutureMe #90,Shared by User_90. Here's a letter reflecting hopes and dreams.,"future,self-reflection,inspiration",2025-01-14 17:39:49.055653,1,315,90,,22
509,User_91,Letter to FutureMe #91,Shared by User_91. Here's a letter reflecting hopes and dreams.,"future,self-reflection,inspiration",2025-01-14 17:39:49.055653,1,316,91,,14
510,User_92,Letter to FutureMe #92,Shared by User_92. Here's a letter reflecting hopes and dreams.,"future,self-reflection,inspiration",2025-01-14 17:39:49.055653,1,317,92,,56
511,User_93,Letter to FutureMe #93,Shared by User_93. Here's a letter reflecting hopes and dreams.,"future,self-reflection,inspiration",2025-01-14 17:39:49.055653,1,318,93,,21
512,User_94,Letter to FutureMe #94,Shared by User_94. Here's a letter reflecting hopes and dreams.,"future,self-reflection,inspiration",2025-01-14 17:39:49.055653,1,319,94,,49
513,User_95,Letter to FutureMe #95,Shared by User_95. Here's a letter reflecting hopes and dreams.,"future,self-reflection,inspiration",2025-01-14 17:39:49.055653,1,320,95,,69
514,User_96,Letter to FutureMe #96,Shared by User_96. Here's a letter reflecting hopes and dreams.,"future,self-reflection,inspiration",2025-01-14 17:39:49.055653,1,321,96,,26
515,User_97,Letter to FutureMe #97,Shared by User_97. Here's a letter reflecting hopes and dreams.,"future,self-reflection,inspiration",2025-01-14 17:39:49.055653,1,322,97,,20
516,User_98,Letter to FutureMe #98,Shared by User_98. Here's a letter reflecting hopes and dreams.,"future,self-reflection,inspiration",2025-01-14 17:39:49.055653,1,323,98,,23
517,User_99,Letter to FutureMe #99,Shared by User_99. Here's a letter reflecting hopes and dreams.,"future,self-reflection,inspiration",2025-01-14 17:39:49.055653,1,324,99,,37
518,User_100,Letter to FutureMe #100,Shared by User_100. Here's a letter reflecting hopes and dreams.,"future,self-reflection,inspiration",2025-01-14 17:39:49.055653,1,325,100,,37
519,User_101,Letter to FutureMe #101,Shared by User_101. Here's a letter reflecting hopes and dreams.,"future,self-reflection,inspiration",2025-01-14 17:39:49.069384,1,326,101,,18
520,User_102,Letter to FutureMe #102,Shared by User_102. Here's a letter reflecting hopes and dreams.,"future,self-reflection,inspiration",2025-01-14 17:39:49.069384,1,327,102,,8
521,User_103,Letter to FutureMe #103,Shared by User_103. Here's a letter reflecting hopes and dreams.,"future,self-reflection,inspiration",2025-01-14 17:39:49.069384,1,328,103,,68
522,User_104,Letter to FutureMe #104,Shared by User_104. Here's a letter reflecting hopes and dreams.,"future,self-reflection,inspiration",2025-01-14 17:39:49.069384,1,329,104,,60
523,User_105,Letter to FutureMe #105,Shared by User_105. Here's a letter reflecting hopes and dreams.,"future,self-reflection,inspiration",2025-01-14 17:39:49.069384,1,330,105,,34
524,User_106,Letter to FutureMe #106,Shared by User_106. Here's a letter reflecting hopes and dreams.,"future,self-reflection,inspiration",2025-01-14 17:39:49.069384,1,331,106,,10
525,User_107,Letter to FutureMe #107,Shared by User_107. Here's a letter reflecting hopes and dreams.,"future,self-reflection,inspiration",2025-01-14 17:39:49.069384,1,332,107,,10
526,User_108,Letter to FutureMe #108,Shared by User_108. Here's a letter reflecting hopes and dreams.,"future,self-reflection,inspiration",2025-01-14 17:39:49.069384,1,333,108,,12
527,User_109,Letter to FutureMe #109,Shared by User_109. Here's a letter reflecting hopes and dreams.,"future,self-reflection,inspiration",2025-01-14 17:39:49.069384,1,334,109,,8
528,User_110,Letter to FutureMe #110,Shared by User_110. Here's a letter reflecting hopes and dreams.,"future,self-reflection,inspiration",2025-01-14 17:39:49.069384,1,335,110,,59
529,User_111,Letter to FutureMe #111,Shared by User_111. Here's a letter reflecting hopes and dreams.,"future,self-reflection,inspiration",2025-01-14 17:39:49.069384,1,336,111,,55
530,User_112,Letter to FutureMe #112,Shared by User_112. Here's a letter reflecting hopes and dreams.,"future,self-reflection,inspiration",2025-01-14 17:39:49.069384,1,337,112,,27
531,User_113,Letter to FutureMe #113,Shared by User_113. Here's a letter reflecting hopes and dreams.,"future,self-reflection,inspiration",2025-01-14 17:39:49.069384,1,338,113,,21
532,User_114,Letter to FutureMe #114,Shared by User_114. Here's a letter reflecting hopes and dreams.,"future,self-reflection,inspiration",2025-01-14 17:39:49.069384,1,339,114,,25
533,User_115,Letter to FutureMe #115,Shared by User_115. Here's a letter reflecting hopes and dreams.,"future,self-reflection,inspiration",2025-01-14 17:39:49.069384,1,340,115,,50
534,User_116,Letter to FutureMe #116,Shared by User_116. Here's a letter reflecting hopes and dreams.,"future,self-reflection,inspiration",2025-01-14 17:39:49.069384,1,341,116,,56
535,User_117,Letter to FutureMe #117,Shared by User_117. Here's a letter reflecting hopes and dreams.,"future,self-reflection,inspiration",2025-01-14 17:39:49.069384,1,342,117,,25
536,User_118,Letter to FutureMe #118,Shared by User_118. Here's a letter reflecting hopes and dreams.,"future,self-reflection,inspiration",2025-01-14 17:39:49.069384,1,343,118,,54
537,User_119,Letter to FutureMe #119,Shared by User_119. Here's a letter reflecting hopes and dreams.,"future,self-reflection,inspiration",2025-01-14 17:39:49.069384,1,344,119,,14
538,User_120,Letter to FutureMe #120,Shared by User_120. Here's a letter reflecting hopes and dreams.,"future,self-reflection,inspiration",2025-01-14 17:39:49.069384,1,345,120,,15
539,User_121,Letter to FutureMe #121,Shared by User_121. Here's a letter reflecting hopes and dreams.,"future,self-reflection,inspiration",2025-01-14 17:39:49.069384,1,346,121,,45
540,User_122,Letter to FutureMe #122,Shared by User_122. Here's a letter reflecting hopes and dreams.,"future,self-reflection,inspiration",2025-01-14 17:39:49.069384,1,347,122,,58
541,User_123,Letter to FutureMe #123,Shared by User_123. Here's a letter reflecting hopes and dreams.,"future,self-reflection,inspiration",2025-01-14 17:39:49.069384,1,348,123,,5
542,User_124,Letter to FutureMe #124,Shared by User_124. Here's a letter reflecting hopes and dreams.,"future,self-reflection,inspiration",2025-01-14 17:39:49.069384,1,349,124,,23
543,User_125,Letter to FutureMe #125,Shared by User_125. Here's a letter reflecting hopes and dreams.,"future,self-reflection,inspiration",2025-01-14 17:39:49.069384,1,350,125,,10
544,user_1125,Letter to FutureMe #126,"Dear FutureMe, I hope you have found happiness in the simple things in life. Remember to cherish every moment. This message is especially for user 126.","future,self-reflection,inspiration",2025-01-14 17:39:49.069384,0,351,126,,63
545,User_127,Letter to FutureMe #127,Shared by User_127. Here's a letter reflecting hopes and dreams.,"future,self-reflection,inspiration",2025-01-14 17:39:49.069384,1,352,127,,42
546,User_128,Letter to FutureMe #128,Shared by User_128. Here's a letter reflecting hopes and dreams.,"future,self-reflection,inspiration",2025-01-14 17:39:49.069384,1,353,128,,65
547,User_129,Letter to FutureMe #129,Shared by User_129. Here's a letter reflecting hopes and dreams.,"future,self-reflection,inspiration",2025-01-14 17:39:49.069384,1,354,129,,72
548,User_130,Letter to FutureMe #130,Shared by User_130. Here's a letter reflecting hopes and dreams.,"future,self-reflection,inspiration",2025-01-14 17:39:49.069384,1,355,130,,45
549,User_131,Letter to FutureMe #131,Shared by User_131. Here's a letter reflecting hopes and dreams.,"future,self-reflection,inspiration",2025-01-14 17:39:49.069384,1,356,131,,59
550,User_132,Letter to FutureMe #132,Shared by User_132. Here's a letter reflecting hopes and dreams.,"future,self-reflection,inspiration",2025-01-14 17:39:49.069384,1,357,132,,47
551,User_133,Letter to FutureMe #133,Shared by User_133. Here's a letter reflecting hopes and dreams.,"future,self-reflection,inspiration",2025-01-14 17:39:49.069384,1,358,133,,44
552,User_134,Letter to FutureMe #134,Shared by User_134. Here's a letter reflecting hopes and dreams.,"future,self-reflection,inspiration",2025-01-14 17:39:49.069384,1,359,134,,31
553,User_135,Letter to FutureMe #135,Shared by User_135. Here's a letter reflecting hopes and dreams.,"future,self-reflection,inspiration",2025-01-14 17:39:49.069384,1,360,135,,62
554,User_136,Letter to FutureMe #136,Shared by User_136. Here's a letter reflecting hopes and dreams.,"future,self-reflection,inspiration",2025-01-14 17:39:49.069384,1,361,136,,60
555,User_137,Letter to FutureMe #137,Shared by User_137. Here's a letter reflecting hopes and dreams.,"future,self-reflection,inspiration",2025-01-14 17:39:49.069384,1,362,137,,58
556,User_138,Letter to FutureMe #138,Shared by User_138. Here's a letter reflecting hopes and dreams.,"future,self-reflection,inspiration",2025-01-14 17:39:49.069384,1,363,138,,12
557,User_139,Letter to FutureMe #139,Shared by User_139. Here's a letter reflecting hopes and dreams.,"future,self-reflection,inspiration",2025-01-14 17:39:49.069384,1,364,139,,51
558,User_140,Letter to FutureMe #140,Shared by User_140. Here's a letter reflecting hopes and dreams.,"future,self-reflection,inspiration",2025-01-14 17:39:49.069384,1,365,140,,20
559,User_141,Letter to FutureMe #141,Shared by User_141. Here's a letter reflecting hopes and dreams.,"future,self-reflection,inspiration",2025-01-14 17:39:49.069384,1,366,141,,26
560,User_142,Letter to FutureMe #142,Shared by User_142. Here's a letter reflecting hopes and dreams.,"future,self-reflection,inspiration",2025-01-14 17:39:49.069384,1,367,142,,27
561,User_143,Letter to FutureMe #143,Shared by User_143. Here's a letter reflecting hopes and dreams.,"future,self-reflection,inspiration",2025-01-14 17:39:49.069384,1,368,143,,17
562,User_144,Letter to FutureMe #144,Shared by User_144. Here's a letter reflecting hopes and dreams.,"future,self-reflection,inspiration",2025-01-14 17:39:49.069384,1,369,144,,7
563,User_145,Letter to FutureMe #145,Shared by User_145. Here's a letter reflecting hopes and dreams.,"future,self-reflection,inspiration",2025-01-14 17:39:49.069384,1,370,145,,65
564,User_146,Letter to FutureMe #146,Shared by User_146. Here's a letter reflecting hopes and dreams.,"future,self-reflection,inspiration",2025-01-14 17:39:49.069384,1,371,146,,38
565,User_147,Letter to FutureMe #147,Shared by User_147. Here's a letter reflecting hopes and dreams.,"future,self-reflection,inspiration",2025-01-14 17:39:49.069384,1,372,147,,27
566,User_148,Letter to FutureMe #148,Shared by User_148. Here's a letter reflecting hopes and dreams.,"future,self-reflection,inspiration",2025-01-14 17:39:49.069384,1,373,148,,11
567,User_149,Letter to FutureMe #149,Shared by User_149. Here's a letter reflecting hopes and dreams.,"future,self-reflection,inspiration",2025-01-14 17:39:49.069384,1,374,149,,54
568,User_150,Letter to FutureMe #150,Shared by User_150. Here's a letter reflecting hopes and dreams.,"future,self-reflection,inspiration",2025-01-14 17:39:49.069384,1,375,150,,42
569,User_151,Letter to FutureMe #151,Shared by User_151. Here's a letter reflecting hopes and dreams.,"future,self-reflection,inspiration",2025-01-14 17:39:49.069384,1,376,151,,11
570,User_152,Letter to FutureMe #152,Shared by User_152. Here's a letter reflecting hopes and dreams.,"future,self-reflection,inspiration",2025-01-14 17:39:49.069384,1,377,152,,27
571,User_153,Letter to FutureMe #153,Shared by User_153. Here's a letter reflecting hopes and dreams.,"future,self-reflection,inspiration",2025-01-14 17:39:49.069384,1,378,153,,19
572,User_154,Letter to FutureMe #154,Shared by User_154. Here's a letter reflecting hopes and dreams.,"future,self-reflection,inspiration",2025-01-14 17:39:49.069384,1,379,154,,48
573,User_155,Letter to FutureMe #155,Shared by User_155. Here's a letter reflecting hopes and dreams.,"future,self-reflection,inspiration",2025-01-14 17:39:49.069384,1,380,155,,50
574,User_156,Letter to FutureMe #156,Shared by User_156. Here's a letter reflecting hopes and dreams.,"future,self-reflection,inspiration",2025-01-14 17:39:49.069384,1,381,156,,20
575,User_157,Letter to FutureMe #157,Shared by User_157. Here's a letter reflecting hopes and dreams.,"future,self-reflection,inspiration",2025-01-14 17:39:49.069384,1,382,157,,39
576,User_158,Letter to FutureMe #158,Shared by User_158. Here's a letter reflecting hopes and dreams.,"future,self-reflection,inspiration",2025-01-14 17:39:49.069384,1,383,158,,30
577,User_159,Letter to FutureMe #159,Shared by User_159. Here's a letter reflecting hopes and dreams.,"future,self-reflection,inspiration",2025-01-14 17:39:49.069384,1,384,159,,40
578,User_160,Letter to FutureMe #160,Shared by User_160. Here's a letter reflecting hopes and dreams.,"future,self-reflection,inspiration",2025-01-14 17:39:49.069384,1,385,160,,38
579,User_161,Letter to FutureMe #161,Shared by User_161. Here's a letter reflecting hopes and dreams.,"future,self-reflection,inspiration",2025-01-14 17:39:49.069384,1,386,161,,22
580,User_162,Letter to FutureMe #162,Shared by User_162. Here's a letter reflecting hopes and dreams.,"future,self-reflection,inspiration",2025-01-14 17:39:49.069384,1,387,162,,67
581,User_163,Letter to FutureMe #163,Shared by User_163. Here's a letter reflecting hopes and dreams.,"future,self-reflection,inspiration",2025-01-14 17:39:49.069384,1,388,163,,34
582,User_164,Letter to FutureMe #164,Shared by User_164. Here's a letter reflecting hopes and dreams.,"future,self-reflection,inspiration",2025-01-14 17:39:49.069384,1,389,164,,56
583,User_165,Letter to FutureMe #165,Shared by User_165. Here's a letter reflecting hopes and dreams.,"future,self-reflection,inspiration",2025-01-14 17:39:49.069384,1,390,165,,19
584,User_166,Letter to FutureMe #166,Shared by User_166. Here's a letter reflecting hopes and dreams.,"future,self-reflection,inspiration",2025-01-14 17:39:49.069384,1,391,166,,38
585,User_167,Letter to FutureMe #167,Shared by User_167. Here's a letter reflecting hopes and dreams.,"future,self-reflection,inspiration",2025-01-14 17:39:49.069384,1,392,167,,19
586,User_168,Letter to FutureMe #168,Shared by User_168. Here's a letter reflecting hopes and dreams.,"future,self-reflection,inspiration",2025-01-14 17:39:49.069384,1,393,168,,35
587,User_169,Letter to FutureMe #169,Shared by User_169. Here's a letter reflecting hopes and dreams.,"future,self-reflection,inspiration",2025-01-14 17:39:49.069384,1,394,169,,63
588,User_170,Letter to FutureMe #170,Shared by User_170. Here's a letter reflecting hopes and dreams.,"future,self-reflection,inspiration",2025-01-14 17:39:49.069384,1,395,170,,32
589,user_1170,Letter to FutureMe #171,"Dear FutureMe, always remember that challenges make you stronger. Keep pushing forward. This message is especially for user 171.","future,self-reflection,inspiration",2025-01-14 17:39:49.069384,0,396,171,,63
590,User_172,Letter to FutureMe #172,Shared by User_172. Here's a letter reflecting hopes and dreams.,"future,self-reflection,inspiration",2025-01-14 17:39:49.069384,1,397,172,,10
591,User_173,Letter to FutureMe #173,Shared by User_173. Here's a letter reflecting hopes and dreams.,"future,self-reflection,inspiration",2025-01-14 17:39:49.069384,1,398,173,,30
592,User_174,Letter to FutureMe #174,Shared by User_174. Here's a letter reflecting hopes and dreams.,"future,self-reflection,inspiration",2025-01-14 17:39:49.069384,1,399,174,,13
593,User_175,Letter to FutureMe #175,Shared by User_175. Here's a letter reflecting hopes and dreams.,"future,self-reflection,inspiration",2025-01-14 17:39:49.069384,1,400,175,,22
594,User_176,Letter to FutureMe #176,Shared by User_176. Here's a letter reflecting hopes and dreams.,"future,self-reflection,inspiration",2025-01-14 17:39:49.069384,1,401,176,,34
595,User_177,Letter to FutureMe #177,Shared by User_177. Here's a letter reflecting hopes and dreams.,"future,self-reflection,inspiration",2025-01-14 17:39:49.069384,1,402,177,,7
596,User_178,Letter to FutureMe #178,Shared by User_178. Here's a letter reflecting hopes and dreams.,"future,self-reflection,inspiration",2025-01-14 17:39:49.069384,1,403,178,,26
597,User_179,Letter to FutureMe #179,Shared by User_179. Here's a letter reflecting hopes and dreams.,"future,self-reflection,inspiration",2025-01-14 17:39:49.069384,1,404,179,,23
598,User_180,Letter to FutureMe #180,Shared by User_180. Here's a letter reflecting hopes and dreams.,"future,self-reflection,inspiration",2025-01-14 17:39:49.069384,1,405,180,,61
599,User_181,Letter to FutureMe #181,Shared by User_181. Here's a letter reflecting hopes and dreams.,"future,self-reflection,inspiration",2025-01-14 17:39:49.069384,1,406,181,,37
600,User_182,Letter to FutureMe #182,Shared by User_182. Here's a letter reflecting hopes and dreams.,"future,self-reflection,inspiration",2025-01-14 17:39:49.069384,1,407,182,,10
601,User_183,Letter to FutureMe #183,Shared by User_183. Here's a letter reflecting hopes and dreams.,"future,self-reflection,inspiration",2025-01-14 17:39:49.069384,1,408,183,,64
602,User_184,Letter to FutureMe #184,Shared by User_184. Here's a letter reflecting hopes and dreams.,"future,self-reflection,inspiration",2025-01-14 17:39:49.069384,1,409,184,,12
603,User_185,Letter to FutureMe #185,Shared by User_185. Here's a letter reflecting hopes and dreams.,"future,self-reflection,inspiration",2025-01-14 17:39:49.069384,1,410,185,,24
604,User_186,Letter to FutureMe #186,Shared by User_186. Here's a letter reflecting hopes and dreams.,"future,self-reflection,inspiration",2025-01-14 17:39:49.069384,1,411,186,,55
605,User_187,Letter to FutureMe #187,Shared by User_187. Here's a letter reflecting hopes and dreams.,"future,self-reflection,inspiration",2025-01-14 17:39:49.069384,1,412,187,,10
606,User_188,Letter to FutureMe #188,Shared by User_188. Here's a letter reflecting hopes and dreams.,"future,self-reflection,inspiration",2025-01-14 17:39:49.069384,1,413,188,,17
607,User_189,Letter to FutureMe #189,Shared by User_189. Here's a letter reflecting hopes and dreams.,"future,self-reflection,inspiration",2025-01-14 17:39:49.069384,1,414,189,,64
608,User_190,Letter to FutureMe #190,Shared by User_190. Here's a letter reflecting hopes and dreams.,"future,self-reflection,inspiration",2025-01-14 17:39:49.069384,1,415,190,,23
609,User_191,Letter to FutureMe #191,Shared by User_191. Here's a letter reflecting hopes and dreams.,"future,self-reflection,inspiration",2025-01-14 17:39:49.069384,1,416,191,,20
610,User_192,Letter to FutureMe #192,Shared by User_192. Here's a letter reflecting hopes and dreams.,"future,self-reflection,inspiration",2025-01-14 17:39:49.069384,1,417,192,,62
611,User_193,Letter to FutureMe #193,Shared by User_193. Here's a letter reflecting hopes and dreams.,"future,self-reflection,inspiration",2025-01-14 17:39:49.069384,1,418,193,,68
612,User_194,Letter to FutureMe #194,Shared by User_194. Here's a letter reflecting hopes and dreams.,"future,self-reflection,inspiration",2025-01-14 17:39:49.069384,1,419,194,,71
613,User_195,Letter to FutureMe #195,Shared by User_195. Here's a letter reflecting hopes and dreams.,"future,self-reflection,inspiration",2025-01-14 17:39:49.069384,1,420,195,,54
614,User_196,Letter to FutureMe #196,Shared by User_196. Here's a letter reflecting hopes and dreams.,"future,self-reflection,inspiration",2025-01-14 17:39:49.069384,1,421,196,,27
615,User_197,Letter to FutureMe #197,Shared by User_197. Here's a letter reflecting hopes and dreams.,"future,self-reflection,inspiration",2025-01-14 17:39:49.069384,1,422,197,,50
616,User_198,Letter to FutureMe #198,Shared by User_198. Here's a letter reflecting hopes and dreams.,"future,self-reflection,inspiration",2025-01-14 17:39:49.069384,1,423,198,,52
617,User_199,Letter to FutureMe #199,Shared by User_199. Here's a letter reflecting hopes and dreams.,"future,self-reflection,inspiration",2025-01-14 17:39:49.069384,1,424,199,,32
618,User_200,Letter to FutureMe #200,Shared by User_200. Here's a letter reflecting hopes and dreams.,"future,self-reflection,inspiration",2025-01-14 17:39:49.069384,1,425,200,,32
619,User_201,Letter to FutureMe #201,Shared by User_201. Here's a letter reflecting hopes and dreams.,"future,self-reflection,inspiration",2025-01-14 17:39:49.069384,1,426,201,,18
620,username_202,Letter to FutureMe #202,"Dear FutureMe, I never dream of what is the best for me. I hope the most and best for you. This message is especially for user 202.","future,self-reflection,inspiration",2025-01-14 17:39:49.069384,0,427,202,,13
621,User_203,Letter to FutureMe #203,Shared by User_203. Here's a letter reflecting hopes and dreams.,"future,self-reflection,inspiration",2025-01-14 17:39:49.069384,1,428,203,,29
622,User_204,Letter to FutureMe #204,Shared by User_204. Here's a letter reflecting hopes and dreams.,"future,self-reflection,inspiration",2025-01-14 17:39:49.069384,1,429,204,,70
623,User_205,Letter to FutureMe #205,Shared by User_205. Here's a letter reflecting hopes and dreams.,"future,self-reflection,inspiration",2025-01-14 17:39:49.069384,1,430,205,,11
624,User_206,Letter to FutureMe #206,Shared by User_206. Here's a letter reflecting hopes and dreams.,"future,self-reflection,inspiration",2025-01-14 17:39:49.069384,1,431,206,,6
625,User_207,Letter to FutureMe #207,Shared by User_207. Here's a letter reflecting hopes and dreams.,"future,self-reflection,inspiration",2025-01-14 17:39:49.069384,1,432,207,,66
626,User_208,Letter to FutureMe #208,Shared by User_208. Here's a letter reflecting hopes and dreams.,"future,self-reflection,inspiration",2025-01-14 17:39:49.069384,1,433,208,,22
627,User_209,Letter to FutureMe #209,Shared by User_209. Here's a letter reflecting hopes and dreams.,"future,self-reflection,inspiration",2025-01-14 17:39:49.069384,1,434,209,,18
628,User_210,Letter to FutureMe #210,Shared by User_210. Here's a letter reflecting hopes and dreams.,"future,self-reflection,inspiration",2025-01-14 17:39:49.069384,1,435,210,,67
629,User_211,Letter to FutureMe #211,Shared by User_211. Here's a letter reflecting hopes and dreams.,"future,self-reflection,inspiration",2025-01-14 17:39:49.069384,1,436,211,,15
630,User_212,Letter to FutureMe #212,Shared by User_212. Here's a letter reflecting hopes and dreams.,"future,self-reflection,inspiration",2025-01-14 17:39:49.069384,1,437,212,,69
631,User_213,Letter to FutureMe #213,Shared by User_213. Here's a letter reflecting hopes and dreams.,"future,self-reflection,inspiration",2025-01-14 17:39:49.069384,1,438,213,,5
632,User_214,Letter to FutureMe #214,Shared by User_214. Here's a letter reflecting hopes and dreams.,"future,self-reflection,inspiration",2025-01-14 17:39:49.069384,1,439,214,,64
633,User_215,Letter to FutureMe #215,Shared by User_215. Here's a letter reflecting hopes and dreams.,"future,self-reflection,inspiration",2025-01-14 17:39:49.069384,1,440,215,,5
634,User_216,Letter to FutureMe #216,Shared by User_216. Here's a letter reflecting hopes and dreams.,"future,self-reflection,inspiration",2025-01-14 17:39:49.069384,1,441,216,,6
635,User_217,Letter to FutureMe #217,Shared by User_217. Here's a letter reflecting hopes and dreams.,"future,self-reflection,inspiration",2025-01-14 17:39:49.069384,1,442,217,,59
636,User_218,Letter to FutureMe #218,Shared by User_218. Here's a letter reflecting hopes and dreams.,"future,self-reflection,inspiration",2025-01-14 17:39:49.069384,1,443,218,,69
637,User_219,Letter to FutureMe #219,Shared by User_219. Here's a letter reflecting hopes and dreams.,"future,self-reflection,inspiration",2025-01-14 17:39:49.069384,1,444,219,,62
638,User_220,Letter to FutureMe #220,Shared by User_220. Here's a letter reflecting hopes and dreams.,"future,self-reflection,inspiration",2025-01-14 17:39:49.069384,1,445,220,,45
639,User_221,Letter to FutureMe #221,Shared by User_221. Here's a letter reflecting hopes and dreams.,"future,self-reflection,inspiration",2025-01-14 17:39:49.069384,1,446,221,,50
640,User_222,Letter to FutureMe #222,Shared by User_222. Here's a letter reflecting hopes and dreams.,"future,self-reflection,inspiration",2025-01-14 17:39:49.069384,1,447,222,,6
641,User_223,Letter to FutureMe #223,Shared by User_223. Here's a letter reflecting hopes and dreams.,"future,self-reflection,inspiration",2025-01-14 17:39:49.069384,1,448,223,,58
642,User_224,Letter to FutureMe #224,Shared by User_224. Here's a letter reflecting hopes and dreams.,"future,self-reflection,inspiration",2025-01-14 17:39:49.069384,1,449,224,,43
643,User_225,Letter to FutureMe #225,Shared by User_225. Here's a letter reflecting hopes and dreams.,"future,self-reflection,inspiration",2025-01-14 17:39:49.069384,1,450,225,,24
644,User_226,Letter to FutureMe #226,Shared by User_226. Here's a letter reflecting hopes and dreams.,"future,self-reflection,inspiration",2025-01-14 17:39:49.069384,1,451,226,,21
645,User_227,Letter to FutureMe #227,Shared by User_227. Here's a letter reflecting hopes and dreams.,"future,self-reflection,inspiration",2025-01-14 17:39:49.069384,1,452,227,,64
646,User_228,Letter to FutureMe #228,Shared by User_228. Here's a letter reflecting hopes and dreams.,"future,self-reflection,inspiration",2025-01-14 17:39:49.069384,1,453,228,,54
647,User_229,Letter to FutureMe #229,Shared by User_229. Here's a letter reflecting hopes and dreams.,"future,self-reflection,inspiration",2025-01-14 17:39:49.069384,1,454,229,,58
648,User_230,Letter to FutureMe #230,Shared by User_230. Here's a letter reflecting hopes and dreams.,"future,self-reflection,inspiration",2025-01-14 17:39:49.069384,1,455,230,,51
649,User_231,Letter to FutureMe #231,Shared by User_231. Here's a letter reflecting hopes and dreams.,"future,self-reflection,inspiration",2025-01-14 17:39:49.069384,1,456,231,,34
650,User_232,Letter to FutureMe #232,Shared by User_232. Here's a letter reflecting hopes and dreams.,"future,self-reflection,inspiration",2025-01-14 17:39:49.069384,1,457,232,,57
651,User_233,Letter to FutureMe #233,Shared by User_233. Here's a letter reflecting hopes and dreams.,"future,self-reflection,inspiration",2025-01-14 17:39:49.069384,1,458,233,,67
652,User_234,Letter to FutureMe #234,Shared by User_234. Here's a letter reflecting hopes and dreams.,"future,self-reflection,inspiration",2025-01-14 17:39:49.069384,1,459,234,,33
653,User_235,Letter to FutureMe #235,Shared by User_235. Here's a letter reflecting hopes and dreams.,"future,self-reflection,inspiration",2025-01-14 17:39:49.069384,1,460,235,,30
654,User_236,Letter to FutureMe #236,Shared by User_236. Here's a letter reflecting hopes and dreams.,"future,self-reflection,inspiration",2025-01-14 17:39:49.069384,1,461,236,,21
655,User_237,Letter to FutureMe #237,Shared by User_237. Here's a letter reflecting hopes and dreams.,"future,self-reflection,inspiration",2025-01-14 17:39:49.069384,1,462,237,,33
656,User_238,Letter to FutureMe #238,Shared by User_238. Here's a letter reflecting hopes and dreams.,"future,self-reflection,inspiration",2025-01-14 17:39:49.069384,1,463,238,,24
657,User_239,Letter to FutureMe #239,Shared by User_239. Here's a letter reflecting hopes and dreams.,"future,self-reflection,inspiration",2025-01-14 17:39:49.069384,1,464,239,,69
658,User_240,Letter to FutureMe #240,Shared by User_240. Here's a letter reflecting hopes and dreams.,"future,self-reflection,inspiration",2025-01-14 17:39:49.069384,1,465,240,,17
659,User_241,Letter to FutureMe #241,Shared by User_241. Here's a letter reflecting hopes and dreams.,"future,self-reflection,inspiration",2025-01-14 17:39:49.069384,1,466,241,,58
660,User_242,Letter to FutureMe #242,Shared by User_242. Here's a letter reflecting hopes and dreams.,"future,self-reflection,inspiration",2025-01-14 17:39:49.069384,1,467,242,,63
661,User_243,Letter to FutureMe #243,Shared by User_243. Here's a letter reflecting hopes and dreams.,"future,self-reflection,inspiration",2025-01-14 17:39:49.069384,1,468,243,,7
662,User_244,Letter to FutureMe #244,Shared by User_244. Here's a letter reflecting hopes and dreams.,"future,self-reflection,inspiration",2025-01-14 17:39:49.069384,1,469,244,,5
663,User_245,Letter to FutureMe #245,Shared by User_245. Here's a letter reflecting hopes and dreams.,"future,self-reflection,inspiration",2025-01-14 17:39:49.069384,1,470,245,,47
664,User_246,Letter to FutureMe #246,Shared by User_246. Here's a letter reflecting hopes and dreams.,"future,self-reflection,inspiration",2025-01-14 17:39:49.069384,1,471,246,,33
665,User_247,Letter to FutureMe #247,Shared by User_247. Here's a letter reflecting hopes and dreams.,"future,self-reflection,inspiration",2025-01-14 17:39:49.069384,1,472,247,,35
666,User_248,Letter to FutureMe #248,Shared by User_248. Here's a letter reflecting hopes and dreams.,"future,self-reflection,inspiration",2025-01-14 17:39:49.069384,1,473,248,,64
667,User_249,Letter to FutureMe #249,Shared by User_249. Here's a letter reflecting hopes and dreams.,"future,self-reflection,inspiration",2025-01-14 17:39:49.069384,1,474,249,,11
